Author,UppercaseLetter,UppercaseLetter_pertokens,LowercaseLetter,LowercaseLetter_pertokens,TitlecaseLetter,TitlecaseLetter_pertokens,ModifierLetter,ModifierLetter_pertokens,OtherLetter,OtherLetter_pertokens,NonSpacingMark,NonSpacingMark_pertokens,SpacingCombiningMark,SpacingCombiningMark_pertokens,EnclosingMark,EnclosingMark_pertokens,DecimalDigitNumber,DecimalDigitNumber_pertokens,LetterNumber,LetterNumber_pertokens,OtherNumber,OtherNumber_pertokens,SpaceSeparator,SpaceSeparator_pertokens,LineSeparator,LineSeparator_pertokens,ParagraphSeparator,ParagraphSeparator_pertokens,Control,Control_pertokens,Format,Format_pertokens,Surrogate,Surrogate_pertokens,PrivateUse,PrivateUse_pertokens,ConnectorPunctuation,ConnectorPunctuation_pertokens,DashPunctuation,DashPunctuation_pertokens,OpenPunctuation,OpenPunctuation_pertokens,ClosePunctuation,ClosePunctuation_pertokens,InitialQuotePunctuation,InitialQuotePunctuation_pertokens,FinalQuotePunctuation,FinalQuotePunctuation_pertokens,OtherPunctuation,OtherPunctuation_pertokens,MathSymbol,MathSymbol_pertokens,CurrencySymbol,CurrencySymbol_pertokens,ModifierSymbol,ModifierSymbol_pertokens,OtherSymbol,OtherSymbol_pertokens,OtherNotAssigned,OtherNotAssigned_pertokens,Toperror,Righterror,Downerror,Lefterror,Misspellratio,pos_0_NN_NN_NN,pos_1_IN_DT_NN,pos_2_NN_IN_NN,pos_3_DT_NN_IN,pos_4_NN_IN_DT,pos_5_DT_JJ_NN,pos_6_VB_DT_NN,pos_7_IN_NN_NN,pos_8_JJ_NN_IN,pos_9_NN_PR_VB,pos_10_NN_NN_VB,pos_11_DT_NN_NN,pos_12_NN_NN_IN,pos_13_JJ_NN_NN,pos_14_VB_TO_VB,pos_15_NN_IN_PR,pos_16_DT_NN_VB,pos_17_VB_RB_JJ,pos_18_VB_IN_DT,pos_19_IN_PR_VB,pos_20_RB_JJ_NN,pos_21_JJ_NN_VB,pos_22_IN_PR_NN,pos_23_PR_VB_RB,pos_24_IN_DT_JJ,pos_25_VB_PR_VB,pos_26_PR_VB_PR,pos_27_VB_JJ_NN,pos_28_VB_PR_NN,pos_29_VB_IN_NN,pos_30_VB_DT_JJ,pos_31_NN_VB_IN,pos_32_IN_JJ_NN,pos_33_PR_VB_DT,pos_34_NN_CC_NN,pos_35_VB_IN_PR,pos_36_VB_VB_IN,pos_37_NN_VB_VB,pos_38_NN_VB_RB,pos_39_NN_VB_DT,pos_40_NN_VB_PR,pos_41_PR_VB_VB,pos_42_NN_DT_NN,pos_43_NN_TO_VB,pos_44_PR_RB_VB,pos_45_NN_NN_.,pos_46_VB_RB_VB,pos_47_PR_NN_NN,pos_48_IN_NN_IN,pos_49_VB_NN_IN,pos_50_NN_IN_JJ,pos_51_TO_VB_PR,pos_52_NN_RB_VB,pos_53_PR_MD_VB,pos_54_VB_PR_IN,pos_55_NN_NN_CC,pos_56_RB_VB_PR,pos_57_PR_NN_VB,pos_58_DT_NN_PR,pos_59_NN_VB_NN,pos_60_NN_CC_VB,pos_61_PR_JJ_NN,pos_62_JJ_NN_CC,pos_63_LS_._VB,pos_64_._VB_RB,pos_65_PR_VB_IN,pos_66_DT_NN_RB,pos_67_PR_VB_TO,pos_68_VB_RB_IN,pos_69_NN_VB_JJ,pos_70_VB_NN_NN,pos_71_NN_NN_PR,pos_72_DT_NN_CC,pos_73_NN_NN_RB,pos_74_CC_PR_VB,pos_75_JJ_JJ_NN,pos_76_VB_PR_RB,pos_77_NN_JJ_NN,pos_78_VB_RB_RB,pos_79_RB_PR_VB,pos_80_PR_VB_NN,pos_81_JJ_NN_PR,pos_82_NN_CC_PR,pos_83_NN_MD_VB,pos_84_RB_VB_IN,pos_85_IN_NN_VB,pos_86_TO_VB_DT,pos_87_VB_VB_PR,pos_88_PR_VB_JJ,pos_89_PR_NN_CC,pos_90_WR_PR_VB,pos_91_RB_VB_RB,pos_92_RB_IN_DT,pos_93_MD_RB_VB,pos_94_VB_JJ_IN,pos_95_RB_JJ_IN,pos_96_IN_NN_CC,pos_97_TO_VB_IN,pos_98_VB_IN_JJ,pos_99_NN_CC_DT,pos_100_RB_VB_NN,pos_101_CC_NN_VB,pos_102_PR_NN_IN,pos_103_PR_IN_DT,pos_104_JJ_IN_DT,pos_105_VB_NN_VB,pos_106_VB_PR_JJ,pos_107_NN_VB_TO,pos_108_TO_VB_RB,pos_109_TO_DT_NN,pos_110_DT_JJ_JJ,pos_111_CC_NN_NN,pos_112_RB_VB_JJ,pos_113_RB_RB_VB,pos_114_IN_NN_PR,pos_115_VB_VB_NN,pos_116_NN_RB_RB,pos_117_RB_VB_DT,pos_118_RB_DT_NN,pos_119_RB_IN_NN,pos_120_RB_IN_PR,pos_121_TO_VB_NN,pos_122_VB_VB_VB,pos_123_VB_VB_DT,pos_124_VB_CD_NN,pos_125_DT_NN_TO,pos_126_NN_NN_CO,pos_127_NN_RB_IN,pos_128_NN_IN_VB,pos_129_MD_VB_DT,pos_130_IN_NN_RB,pos_131_JJ_NN_RB,pos_132_DT_NN_DT,pos_133_IN_PR_JJ,pos_134_NN_DT_JJ,pos_135_NN_CC_RB,pos_136_NN_RB_JJ,pos_137_NN_IN_RB,pos_138_CC_DT_NN,pos_139_RB_VB_VB,pos_140_MD_VB_PR,pos_141_JJ_NN_DT,pos_142_JJ_IN_NN,pos_143_JJ_IN_PR,pos_144_VB_VB_RB,pos_145_NN_CC_JJ,pos_146_NN_PR_MD,pos_147_NN_WD_VB,pos_148_CC_VB_IN,pos_149_CC_JJ_NN,pos_150_RB_RB_IN,pos_151_JJ_NN_CO,pos_152_JJ_TO_VB,pos_153_TO_VB_JJ,pos_154_CD_NN_NN,pos_155_CD_NN_IN,pos_156_VB_VB_TO,pos_157_VB_NN_CC,pos_158_VB_NN_PR,pos_159_NN_NN_DT,pos_160_NN_CD_NN,pos_161_PR_MD_RB,pos_162_PR_IN_PR,pos_163_VB_RB_DT,pos_164_VB_RB_TO,pos_165_VB_PR_TO,pos_166_VB_IN_IN,pos_167_NN_NN_JJ,pos_168_NN_WP_VB,pos_169_RB_VB_TO,pos_170_RB_DT_JJ,pos_171_IN_PR_RB,pos_172_JJ_NN_JJ,pos_173_JJ_PR_VB,pos_174_TO_VB_VB,pos_175_VB_RB_PR,pos_176_VB_PR_DT,pos_177_VB_TO_DT,pos_178_NN_VB_RP,pos_179_NN_CC_IN,pos_180_RB_RB_JJ,pos_181_MD_VB_VB,pos_182_IN_PR_MD,pos_183_VB_NN_RB,pos_184_VB_IN_VB,pos_185_VB_JJ_JJ,pos_186_VB_JJ_TO,pos_187_DT_VB_NN,pos_188_NN_NN_MD,pos_189_NN_PR_RB,pos_190_NN_IN_IN,pos_191_CC_VB_PR,pos_192_RB_TO_VB,pos_193_PR_NN_PR,pos_194_MD_VB_TO,pos_195_IN_IN_PR,pos_196_IN_CD_NN,pos_197_CD_JJ_NN,pos_198_VB_DT_RB,pos_199_VB_RB_CC,pos_200_VB_PR_MD,pos_201_VB_TO_NN,pos_202_VB_RP_IN,pos_203_DT_RB_JJ,pos_204_NN_RB_DT,pos_205_NN_RB_PR,pos_206_CC_VB_RB,pos_207_CC_NN_CC,pos_208_PR_DT_NN,pos_209_PR_NN_RB,pos_210_PR_TO_VB,pos_211_IN_DT_VB,pos_212_IN_PR_IN,pos_213_FW_FW_FW,pos_214_VB_VB_JJ,pos_215_VB_DT_VB,pos_216_VB_NN_TO,pos_217_VB_CC_VB,pos_218_VB_PR_CC,pos_219_CO_PR_VB,pos_220_NN_CO_PR,pos_221_NN_NN_TO,pos_222_NN_NN_CD,pos_223_NN_IN_CD,pos_224_CC_VB_NN,pos_225_CC_DT_JJ,pos_226_CC_NN_IN,pos_227_PR_IN_NN,pos_228_IN_NN_TO,pos_229_IN_RB_VB,pos_230_IN_IN_DT,pos_231_IN_JJ_CC,pos_232_TO_PR_NN,pos_233_WR_VB_PR,pos_234_VB_PR_PR,pos_235_DT_JJ_IN,pos_236_DT_CD_NN,pos_237_NN_._NN,pos_238_NN_PR_NN,pos_239_CC_VB_TO,pos_240_RB_PR_NN,pos_241_RB_IN_JJ,pos_242_PR_VB_CD,pos_243_PR_RB_RB,pos_244_MD_VB_JJ,pos_245_IN_VB_PR,pos_246_IN_IN_NN,pos_247_JJ_NN_.,pos_248_JJ_NN_TO,pos_249_JJ_IN_JJ,pos_250_VB_PR_RP,pos_251_VB_JJ_CC,pos_252_VB_WR_PR,pos_253_VB_RP_DT,pos_254_NN_VB_CD,pos_255_NN_CO_DT,pos_256_NN_CO_NN,pos_257_NN_NN_WD,pos_258_NN_RB_CC,pos_259_NN_TO_PR,pos_260_RB_RB_DT,pos_261_RB_RB_RB,pos_262_MD_VB_RB,pos_263_MD_VB_IN,pos_264_IN_VB_IN,pos_265_IN_NN_DT,pos_266_JJ_IN_VB,pos_267_WP_PR_VB,pos_268_TO_VB_CC,pos_269_TO_VB_TO,pos_270_CD_NN_CC,pos_271_CD_IN_DT,pos_272_VB_RB_NN,pos_273_VB_IN_RB,pos_274_VB_JJ_PR,pos_275_VB_TO_PR,pos_276_DT_VB_IN,pos_277_DT_NN_JJ,pos_278_DT_JJ_CC,pos_279_NN_CO_CC,pos_280_NN_MD_RB,pos_281_NN_TO_DT,pos_282_CC_RB_VB,pos_283_CC_PR_NN,pos_284_CC_IN_PR,pos_285_RB_CC_VB,pos_286_RB_CD_NN,pos_287_PR_VB_CC,pos_288_PR_NN_DT,pos_289_IN_VB_DT,pos_290_IN_VB_NN,pos_291_IN_DT_CD,pos_292_IN_NN_CO,pos_293_IN_NN_CD,pos_294_JJ_NN_WR,pos_295_JJ_CC_VB,pos_296_JJ_JJ_JJ,Tokens
1, 22,0.126,574,3.299,0,0,0,0,0,0,0,0,0,0,0,0,2,0.011,0,0,0,0,179,1.029,0,0,0,0,0,0,0,0,0,0,0,0,0,0,2,0.011,4,0.023,4,0.023,0,0,0,0,24,0.138,0,0,0,0,0,0,0,0,0,0,0,2,0,0,0.025,0.072,0.022,0.006,0.011,0.011,0.017,0.017,0.017,0.017,0.011,0.006,0.011,0.0,0.0,0.006,0.017,0.0,0.006,0.017,0.006,0.006,0.006,0.006,0.0,0.006,0.006,0.0,0.0,0.011,0.006,0.006,0.0,0.0,0.011,0.0,0.0,0.0,0.006,0.006,0.0,0.0,0.0,0.011,0.0,0.011,0.006,0.0,0.006,0.006,0.0,0.0,0.0,0.006,0.006,0.0,0.006,0.006,0.0,0.006,0.0,0.0,0.0,0.0,0.006,0.006,0.017,0.0,0.006,0.011,0.0,0.006,0.0,0.011,0.006,0.006,0.006,0.006,0.006,0.0,0.006,0.006,0.006,0.011,0.006,0.0,0.0,0.0,0.011,0.006,0.006,0.0,0.011,0.011,0.0,0.006,0.0,0.0,0.0,0.0,0.006,0.0,0.0,0.006,0.0,0.0,0.0,0.0,0.0,0.0,0.0,0.006,0.0,0.0,0.0,0.0,0.0,0.0,0.006,0.0,0.006,0.0,0.0,0.006,0.006,0.0,0.0,0.011,0.0,0.006,0.006,0.0,0.0,0.006,0.0,0.006,0.006,0.0,0.0,0.0,0.0,0.0,0.006,0.006,0.0,0.006,0.006,0.006,0.0,0.0,0.0,0.0,0.0,0.0,0.0,0.0,0.0,0.0,0.0,0.0,0.0,0.0,0.0,0.0,0.006,0.006,0.0,0.0,0.0,0.0,0.0,0.006,0.006,0.0,0.0,0.006,0.006,0.0,0.0,0.0,0.0,0.0,0.006,0.0,0.0,0.0,0.0,0.0,0.0,0.006,0.0,0.0,0.006,0.0,0.0,0.0,0.0,0.0,0.0,0.0,0.0,0.0,0.0,0.0,0.0,0.0,0.0,0.006,0.0,0.0,0.0,0.0,0.006,0.0,0.0,0.0,0.0,0.0,0.0,0.0,0.0,0.0,0.0,0.0,0.0,0.0,0.006,0.0,0.0,0.0,0.0,0.0,0.006,0.0,0.0,0.0,0.006,0.0,0.0,0.0,0.0,0.0,0.0,0.0,0.0,0.0,0.0,0.0,0.0,0.0,0.006,0.0,0.0,0.0,0.0,0.0,0.006,0.006,0.0,0.0,0.0,0.0,0.0,0.0,0.006,0.0,0.0,0.0,0.0,0.0,0.0,0.0,0.0,0.0,0.0,0.0,0.0,0.0,0.0,0.0,0.006,0.0,0.0,0.006,0.006,0.0,0.0,0.0,0.0,0.006,0.0,0.0,0.0,0.0,0.0,0.006,0.006,0.0,174
1, 137,0.187,2530,3.447,0,0,0,0,2,0.003,0,0,0,0,0,0,21,0.029,0,0,0,0,726,0.989,0,0,0,0,0,0,0,0,0,0,0,0,0,0,7,0.01,14,0.019,14,0.019,0,0,0,0,109,0.149,0,0,1,0.001,0,0,0,0,0,0,0,44,4,11,0.09,0.091,0.032,0.021,0.029,0.021,0.011,0.018,0.018,0.006,0.014,0.004,0.014,0.019,0.015,0.004,0.004,0.012,0.003,0.007,0.006,0.001,0.004,0.006,0.006,0.007,0.007,0.007,0.003,0.001,0.007,0.008,0.006,0.006,0.007,0.008,0.003,0.001,0.003,0.006,0.006,0.004,0.001,0.006,0.001,0.001,0.006,0.006,0.003,0.004,0.003,0.008,0.0,0.006,0.003,0.006,0.011,0.004,0.0,0.004,0.001,0.004,0.003,0.001,0.001,0.001,0.003,0.001,0.003,0.001,0.003,0.001,0.006,0.006,0.01,0.003,0.007,0.001,0.0,0.003,0.0,0.001,0.003,0.004,0.001,0.003,0.003,0.004,0.0,0.003,0.003,0.003,0.0,0.004,0.0,0.003,0.0,0.001,0.0,0.003,0.0,0.001,0.001,0.003,0.004,0.003,0.003,0.001,0.003,0.001,0.004,0.006,0.007,0.0,0.001,0.004,0.001,0.0,0.003,0.0,0.0,0.0,0.0,0.0,0.001,0.004,0.001,0.004,0.003,0.004,0.0,0.0,0.0,0.001,0.0,0.003,0.0,0.0,0.003,0.001,0.0,0.001,0.003,0.0,0.0,0.0,0.001,0.003,0.003,0.004,0.003,0.001,0.001,0.0,0.0,0.001,0.0,0.0,0.0,0.0,0.001,0.001,0.0,0.001,0.001,0.0,0.0,0.0,0.0,0.001,0.001,0.001,0.0,0.0,0.001,0.0,0.0,0.001,0.0,0.001,0.004,0.0,0.0,0.0,0.0,0.001,0.003,0.0,0.001,0.0,0.001,0.004,0.001,0.0,0.0,0.0,0.001,0.0,0.001,0.0,0.003,0.0,0.001,0.003,0.0,0.001,0.0,0.0,0.0,0.001,0.0,0.0,0.0,0.001,0.0,0.0,0.0,0.0,0.001,0.0,0.001,0.001,0.001,0.0,0.001,0.001,0.0,0.001,0.001,0.001,0.001,0.0,0.004,0.003,0.0,0.0,0.001,0.001,0.003,0.0,0.001,0.0,0.001,0.003,0.001,0.001,0.0,0.003,0.001,0.0,0.0,0.0,0.0,0.0,0.001,0.0,0.001,0.001,0.0,0.0,0.001,0.0,0.0,0.001,0.0,0.003,0.001,0.001,0.0,0.0,0.0,0.0,0.001,0.0,0.0,0.0,0.003,0.001,0.0,0.001,0.0,0.0,0.004,0.0,0.001,0.001,0.001,0.001,0.0,0.0,0.0,0.003,0.001,0.0,0.0,0.0,0.003,0.003,734
1, 170,0.169,3470,3.453,0,0,0,0,25,0.025,0,0,0,0,0,0,46,0.046,0,0,0,0,887,0.883,0,0,0,0,0,0,0,0,0,0,0,0,0,0,19,0.019,22,0.022,22,0.022,0,0,0,0,169,0.168,0,0,0,0,0,0,0,0,0,0,1,54,7,13,0.083,0.037,0.023,0.019,0.007,0.015,0.01,0.009,0.009,0.016,0.006,0.011,0.016,0.011,0.015,0.01,0.005,0.006,0.002,0.005,0.006,0.006,0.008,0.003,0.002,0.006,0.001,0.002,0.007,0.001,0.007,0.006,0.005,0.016,0.005,0.005,0.006,0.001,0.006,0.001,0.005,0.002,0.002,0.006,0.005,0.0,0.005,0.001,0.002,0.006,0.006,0.009,0.0,0.007,0.001,0.002,0.005,0.0,0.0,0.002,0.007,0.008,0.002,0.005,0.001,0.001,0.002,0.008,0.003,0.006,0.006,0.007,0.0,0.0,0.007,0.001,0.003,0.001,0.016,0.006,0.001,0.0,0.003,0.0,0.005,0.002,0.002,0.003,0.001,0.001,0.001,0.0,0.003,0.003,0.001,0.003,0.002,0.005,0.003,0.006,0.0,0.003,0.001,0.001,0.002,0.002,0.001,0.002,0.002,0.005,0.001,0.002,0.003,0.001,0.001,0.002,0.003,0.002,0.0,0.002,0.006,0.001,0.002,0.001,0.002,0.0,0.001,0.006,0.002,0.001,0.0,0.003,0.002,0.0,0.001,0.003,0.0,0.006,0.002,0.0,0.001,0.001,0.001,0.003,0.001,0.001,0.003,0.0,0.003,0.005,0.003,0.005,0.006,0.001,0.002,0.002,0.003,0.002,0.001,0.0,0.003,0.003,0.0,0.0,0.0,0.0,0.0,0.001,0.006,0.0,0.001,0.001,0.002,0.007,0.002,0.0,0.001,0.0,0.001,0.001,0.0,0.002,0.001,0.001,0.001,0.001,0.0,0.002,0.001,0.001,0.0,0.0,0.0,0.001,0.0,0.001,0.0,0.002,0.002,0.0,0.001,0.0,0.0,0.0,0.0,0.003,0.001,0.002,0.0,0.0,0.0,0.0,0.003,0.001,0.0,0.003,0.001,0.001,0.0,0.0,0.001,0.001,0.0,0.0,0.001,0.001,0.0,0.002,0.001,0.001,0.0,0.001,0.003,0.0,0.0,0.0,0.003,0.005,0.005,0.0,0.0,0.001,0.002,0.001,0.002,0.001,0.0,0.0,0.003,0.001,0.003,0.0,0.001,0.0,0.0,0.001,0.003,0.002,0.002,0.001,0.0,0.001,0.002,0.001,0.002,0.0,0.002,0.0,0.0,0.0,0.0,0.001,0.001,0.001,0.0,0.002,0.0,0.002,0.001,0.001,0.002,0.001,0.0,0.0,0.0,0.0,0.001,0.002,0.0,0.0,0.0,0.0,0.005,0.003,0.002,0.0,0.0,0.0,1005
1, 65,0.121,1736,3.245,0,0,0,0,0,0,0,0,0,0,0,0,26,0.049,0,0,0,0,498,0.931,0,0,0,0,0,0,0,0,0,0,0,0,0,0,5,0.009,8,0.015,8,0.015,0,0,0,0,98,0.183,0,0,4,0.007,0,0,0,0,0,0,0,0,2,2,0.006,0.016,0.022,0.012,0.018,0.01,0.012,0.024,0.008,0.016,0.008,0.006,0.008,0.008,0.006,0.008,0.016,0.01,0.002,0.01,0.018,0.004,0.006,0.004,0.006,0.01,0.004,0.004,0.008,0.002,0.008,0.002,0.006,0.01,0.012,0.002,0.008,0.004,0.002,0.01,0.004,0.002,0.006,0.002,0.006,0.008,0.002,0.004,0.004,0.004,0.002,0.008,0.004,0.002,0.004,0.004,0.0,0.004,0.0,0.006,0.002,0.006,0.0,0.008,0.002,0.002,0.006,0.002,0.006,0.006,0.0,0.002,0.008,0.004,0.0,0.006,0.006,0.002,0.002,0.004,0.006,0.002,0.006,0.006,0.0,0.01,0.004,0.002,0.0,0.002,0.002,0.0,0.002,0.002,0.004,0.0,0.0,0.002,0.004,0.002,0.0,0.0,0.002,0.002,0.002,0.002,0.002,0.0,0.002,0.002,0.0,0.002,0.0,0.006,0.004,0.0,0.004,0.0,0.004,0.004,0.006,0.0,0.002,0.004,0.002,0.002,0.002,0.002,0.002,0.002,0.002,0.002,0.002,0.0,0.0,0.0,0.004,0.0,0.0,0.0,0.0,0.0,0.0,0.0,0.0,0.0,0.002,0.004,0.0,0.002,0.002,0.0,0.0,0.002,0.0,0.002,0.0,0.002,0.004,0.0,0.0,0.0,0.004,0.004,0.002,0.002,0.0,0.006,0.0,0.002,0.0,0.0,0.002,0.002,0.002,0.002,0.004,0.002,0.0,0.002,0.0,0.0,0.002,0.0,0.0,0.0,0.0,0.002,0.0,0.0,0.004,0.002,0.002,0.0,0.0,0.0,0.0,0.0,0.002,0.0,0.0,0.002,0.0,0.0,0.0,0.0,0.0,0.004,0.0,0.002,0.0,0.002,0.0,0.002,0.0,0.0,0.0,0.004,0.002,0.0,0.002,0.004,0.002,0.0,0.0,0.002,0.0,0.0,0.0,0.004,0.0,0.006,0.0,0.002,0.0,0.0,0.002,0.002,0.0,0.002,0.0,0.0,0.0,0.002,0.002,0.002,0.002,0.002,0.0,0.0,0.0,0.002,0.002,0.0,0.002,0.002,0.0,0.002,0.0,0.0,0.002,0.004,0.002,0.0,0.002,0.0,0.0,0.0,0.002,0.002,0.0,0.0,0.0,0.0,0.002,0.0,0.002,0.0,0.002,0.0,0.0,0.002,0.002,0.002,0.0,0.0,0.0,0.0,0.002,0.002,0.0,0.0,0.0,0.004,0.002,0.0,0.0,0.0,535
1, 39,0.119,1048,3.205,0,0,0,0,0,0,0,0,0,0,0,0,15,0.046,0,0,0,0,315,0.963,0,0,0,0,0,0,0,0,0,0,0,0,0,0,3,0.009,3,0.009,3,0.009,0,0,0,0,55,0.168,0,0,0,0,0,0,0,0,0,0,1,2,1,2,0.022,0.044,0.019,0.016,0.013,0.009,0.019,0.019,0.013,0.013,0.009,0.006,0.009,0.006,0.009,0.003,0.013,0.003,0.006,0.009,0.0,0.006,0.006,0.006,0.013,0.009,0.0,0.003,0.003,0.006,0.006,0.006,0.003,0.003,0.003,0.003,0.0,0.003,0.006,0.006,0.006,0.006,0.003,0.009,0.009,0.003,0.006,0.006,0.003,0.006,0.0,0.003,0.003,0.0,0.003,0.0,0.006,0.003,0.006,0.003,0.0,0.006,0.006,0.003,0.003,0.003,0.006,0.006,0.0,0.0,0.0,0.006,0.0,0.009,0.003,0.009,0.003,0.0,0.003,0.003,0.003,0.006,0.003,0.003,0.006,0.0,0.0,0.0,0.0,0.0,0.0,0.006,0.0,0.006,0.0,0.0,0.003,0.0,0.0,0.0,0.003,0.0,0.003,0.003,0.0,0.0,0.003,0.003,0.003,0.0,0.006,0.003,0.003,0.0,0.0,0.0,0.0,0.003,0.003,0.0,0.003,0.0,0.006,0.0,0.003,0.0,0.003,0.003,0.003,0.0,0.006,0.0,0.0,0.003,0.006,0.003,0.0,0.0,0.003,0.0,0.0,0.0,0.0,0.0,0.003,0.0,0.006,0.0,0.0,0.0,0.003,0.003,0.006,0.0,0.0,0.0,0.006,0.003,0.0,0.0,0.003,0.0,0.0,0.0,0.0,0.003,0.0,0.0,0.003,0.0,0.0,0.0,0.0,0.0,0.0,0.0,0.0,0.0,0.0,0.0,0.0,0.0,0.0,0.0,0.0,0.0,0.0,0.0,0.0,0.0,0.0,0.0,0.003,0.0,0.0,0.0,0.0,0.003,0.0,0.003,0.0,0.003,0.0,0.003,0.003,0.0,0.003,0.0,0.003,0.0,0.0,0.0,0.0,0.0,0.0,0.0,0.0,0.0,0.003,0.0,0.003,0.003,0.003,0.003,0.006,0.0,0.009,0.0,0.0,0.0,0.0,0.003,0.0,0.0,0.0,0.0,0.0,0.0,0.0,0.0,0.0,0.0,0.0,0.0,0.0,0.0,0.0,0.0,0.0,0.003,0.0,0.006,0.0,0.0,0.0,0.0,0.003,0.0,0.0,0.0,0.0,0.0,0.0,0.0,0.0,0.0,0.003,0.0,0.0,0.003,0.0,0.0,0.0,0.0,0.0,0.0,0.0,0.0,0.003,0.0,0.0,0.0,0.003,0.0,0.003,0.0,0.0,0.006,0.0,0.0,0.0,0.0,0.0,0.003,0.003,0.0,0.0,0.0,327
2, 13,0.09,558,3.848,0,0,0,0,0,0,0,0,0,0,0,0,0,0,0,0,0,0,166,1.145,0,0,0,0,0,0,0,0,0,0,0,0,0,0,0,0,0,0,0,0,0,0,2,0.014,22,0.152,0,0,0,0,0,0,0,0,0,0,0,0,0,0,0.017,0.114,0.012,0.006,0.006,0.0,0.006,0.012,0.012,0.006,0.012,0.0,0.0,0.006,0.0,0.0,0.012,0.006,0.006,0.018,0.018,0.006,0.0,0.006,0.0,0.0,0.006,0.018,0.0,0.012,0.012,0.0,0.006,0.0,0.006,0.0,0.018,0.012,0.006,0.0,0.006,0.006,0.006,0.0,0.0,0.018,0.006,0.0,0.0,0.0,0.0,0.006,0.0,0.0,0.0,0.006,0.0,0.018,0.012,0.0,0.0,0.0,0.006,0.0,0.006,0.006,0.018,0.0,0.0,0.0,0.0,0.0,0.0,0.0,0.0,0.006,0.0,0.024,0.0,0.0,0.0,0.0,0.012,0.006,0.0,0.0,0.0,0.0,0.0,0.006,0.0,0.006,0.006,0.0,0.012,0.006,0.0,0.0,0.0,0.0,0.0,0.0,0.0,0.006,0.0,0.006,0.0,0.006,0.0,0.0,0.0,0.0,0.0,0.006,0.018,0.006,0.0,0.006,0.0,0.0,0.0,0.0,0.0,0.0,0.006,0.006,0.0,0.0,0.0,0.0,0.0,0.0,0.0,0.012,0.006,0.006,0.0,0.0,0.0,0.0,0.006,0.006,0.0,0.0,0.0,0.0,0.0,0.006,0.0,0.0,0.0,0.0,0.0,0.0,0.0,0.0,0.0,0.0,0.0,0.0,0.0,0.0,0.012,0.0,0.0,0.0,0.0,0.0,0.0,0.0,0.0,0.0,0.0,0.0,0.0,0.0,0.0,0.0,0.0,0.0,0.0,0.0,0.0,0.006,0.0,0.0,0.0,0.0,0.0,0.0,0.0,0.0,0.0,0.0,0.0,0.0,0.006,0.0,0.0,0.0,0.0,0.0,0.0,0.0,0.0,0.0,0.0,0.0,0.0,0.0,0.0,0.0,0.006,0.0,0.0,0.0,0.006,0.0,0.0,0.0,0.0,0.0,0.0,0.0,0.0,0.0,0.0,0.0,0.0,0.0,0.0,0.0,0.0,0.0,0.0,0.0,0.0,0.006,0.0,0.0,0.0,0.0,0.0,0.0,0.012,0.0,0.0,0.0,0.0,0.0,0.0,0.0,0.0,0.006,0.0,0.0,0.0,0.0,0.0,0.0,0.0,0.0,0.0,0.0,0.0,0.0,0.0,0.0,0.0,0.0,0.0,0.006,0.0,0.0,0.0,0.0,0.0,0.006,0.0,0.0,0.0,0.0,0.0,0.0,0.0,0.0,0.0,0.0,0.0,0.006,0.0,0.0,0.0,0.0,0.0,0.0,0.0,0.0,145
2, 23,0.176,455,3.473,0,0,0,0,0,0,0,0,0,0,0,0,0,0,0,0,0,0,151,1.153,0,0,0,0,0,0,0,0,0,0,0,0,0,0,0,0,0,0,0,0,0,0,0,0,24,0.183,0,0,0,0,0,0,0,0,0,0,0,1,0,0,0.012,0.145,0.033,0.007,0.039,0.026,0.0,0.039,0.007,0.007,0.026,0.0,0.02,0.013,0.0,0.0,0.026,0.013,0.013,0.013,0.007,0.013,0.007,0.02,0.007,0.007,0.007,0.0,0.013,0.0,0.0,0.0,0.0,0.0,0.026,0.0,0.0,0.0,0.007,0.0,0.0,0.007,0.0,0.007,0.0,0.0,0.007,0.0,0.0,0.0,0.0,0.0,0.0,0.0,0.02,0.0,0.0,0.0,0.013,0.02,0.007,0.0,0.0,0.007,0.007,0.007,0.013,0.0,0.0,0.0,0.0,0.0,0.0,0.007,0.0,0.007,0.007,0.0,0.0,0.0,0.007,0.0,0.007,0.007,0.007,0.0,0.0,0.0,0.0,0.007,0.0,0.0,0.0,0.0,0.0,0.0,0.0,0.0,0.0,0.0,0.0,0.0,0.0,0.0,0.0,0.0,0.0,0.0,0.007,0.0,0.013,0.007,0.0,0.0,0.0,0.0,0.0,0.0,0.0,0.0,0.0,0.0,0.0,0.0,0.0,0.0,0.0,0.007,0.0,0.0,0.013,0.0,0.0,0.0,0.0,0.0,0.0,0.0,0.0,0.007,0.0,0.0,0.007,0.0,0.0,0.0,0.007,0.02,0.0,0.0,0.007,0.0,0.007,0.0,0.0,0.0,0.0,0.0,0.0,0.0,0.0,0.0,0.0,0.0,0.0,0.0,0.0,0.0,0.0,0.0,0.0,0.0,0.0,0.0,0.0,0.0,0.0,0.0,0.013,0.007,0.0,0.0,0.007,0.0,0.0,0.0,0.0,0.0,0.0,0.0,0.0,0.0,0.0,0.0,0.013,0.007,0.0,0.0,0.0,0.0,0.0,0.0,0.0,0.007,0.0,0.0,0.0,0.0,0.0,0.0,0.0,0.0,0.0,0.0,0.0,0.007,0.0,0.0,0.0,0.0,0.0,0.0,0.0,0.0,0.0,0.0,0.0,0.0,0.0,0.0,0.0,0.007,0.0,0.0,0.0,0.0,0.0,0.0,0.0,0.0,0.0,0.0,0.0,0.0,0.0,0.0,0.0,0.0,0.0,0.0,0.0,0.0,0.0,0.007,0.0,0.0,0.0,0.007,0.0,0.0,0.0,0.0,0.0,0.0,0.0,0.0,0.0,0.0,0.0,0.0,0.0,0.0,0.0,0.0,0.0,0.0,0.0,0.0,0.0,0.0,0.0,0.0,0.0,0.0,0.0,0.0,0.0,0.0,0.0,0.0,0.0,0.0,0.0,0.0,0.0,0.0,0.0,0.0,131
2, 63,0.179,1243,3.531,0,0,0,0,0,0,0,0,0,0,0,0,0,0,0,0,0,0,360,1.023,0,0,0,0,0,0,0,0,0,0,0,0,0,0,0,0,0,0,0,0,4,0.011,17,0.048,41,0.116,0,0,0,0,0,0,0,0,0,0,0,0,0,0,0.059,0.061,0.006,0.003,0.0,0.003,0.025,0.014,0.003,0.008,0.025,0.003,0.0,0.006,0.017,0.008,0.006,0.006,0.006,0.0,0.0,0.006,0.006,0.003,0.008,0.008,0.003,0.014,0.003,0.003,0.0,0.008,0.0,0.0,0.008,0.003,0.003,0.0,0.0,0.003,0.006,0.014,0.006,0.003,0.008,0.006,0.003,0.0,0.0,0.0,0.0,0.0,0.008,0.003,0.014,0.003,0.0,0.006,0.006,0.011,0.0,0.0,0.03,0.006,0.003,0.003,0.003,0.0,0.006,0.003,0.0,0.003,0.008,0.0,0.0,0.0,0.0,0.006,0.0,0.006,0.006,0.0,0.003,0.0,0.008,0.0,0.0,0.0,0.006,0.0,0.0,0.011,0.0,0.0,0.019,0.006,0.006,0.0,0.0,0.0,0.0,0.0,0.003,0.0,0.003,0.003,0.0,0.017,0.0,0.003,0.0,0.0,0.0,0.011,0.006,0.003,0.0,0.0,0.006,0.003,0.0,0.003,0.003,0.0,0.006,0.0,0.003,0.003,0.0,0.0,0.006,0.0,0.0,0.008,0.008,0.008,0.0,0.0,0.0,0.0,0.006,0.003,0.006,0.0,0.006,0.0,0.0,0.0,0.0,0.0,0.0,0.003,0.0,0.006,0.0,0.0,0.0,0.003,0.0,0.0,0.0,0.0,0.017,0.003,0.0,0.003,0.003,0.0,0.0,0.003,0.003,0.0,0.003,0.0,0.0,0.003,0.003,0.003,0.0,0.0,0.003,0.0,0.0,0.006,0.0,0.0,0.0,0.006,0.0,0.0,0.0,0.003,0.0,0.003,0.0,0.0,0.003,0.0,0.0,0.006,0.0,0.011,0.003,0.003,0.006,0.0,0.0,0.0,0.0,0.003,0.003,0.0,0.0,0.003,0.0,0.0,0.0,0.0,0.0,0.0,0.0,0.0,0.003,0.0,0.0,0.0,0.0,0.0,0.0,0.0,0.0,0.0,0.0,0.003,0.0,0.006,0.0,0.0,0.003,0.003,0.0,0.0,0.0,0.0,0.003,0.003,0.0,0.003,0.003,0.003,0.0,0.0,0.0,0.003,0.0,0.0,0.0,0.0,0.0,0.0,0.0,0.0,0.0,0.003,0.003,0.0,0.0,0.003,0.003,0.0,0.003,0.0,0.003,0.0,0.0,0.0,0.003,0.0,0.0,0.0,0.0,0.003,0.0,0.003,0.0,0.003,0.0,0.0,0.003,0.0,0.0,0.0,0.0,0.0,0.0,0.0,0.0,0.0,352
2, 48,0.245,796,4.061,0,0,0,0,0,0,0,0,0,0,0,0,0,0,0,0,0,0,214,1.092,0,0,0,0,0,0,0,0,0,0,0,0,0,0,0,0,0,0,0,0,2,0.01,5,0.026,19,0.097,2,0.01,0,0,0,0,0,0,0,0,0,0,0,0,0.04,0.228,0.019,0.009,0.014,0.009,0.009,0.019,0.009,0.009,0.009,0.005,0.009,0.005,0.005,0.014,0.009,0.009,0.009,0.019,0.009,0.009,0.0,0.005,0.005,0.014,0.009,0.009,0.0,0.0,0.005,0.0,0.0,0.0,0.014,0.005,0.0,0.005,0.0,0.005,0.009,0.0,0.005,0.005,0.005,0.0,0.005,0.0,0.0,0.0,0.0,0.0,0.009,0.0,0.009,0.009,0.0,0.0,0.0,0.0,0.005,0.005,0.0,0.0,0.005,0.005,0.0,0.0,0.009,0.0,0.0,0.0,0.005,0.009,0.0,0.005,0.005,0.005,0.0,0.005,0.0,0.0,0.005,0.0,0.0,0.0,0.005,0.0,0.005,0.0,0.0,0.009,0.0,0.0,0.005,0.005,0.0,0.0,0.014,0.0,0.005,0.0,0.0,0.0,0.005,0.0,0.0,0.0,0.0,0.0,0.0,0.0,0.0,0.005,0.0,0.0,0.0,0.0,0.0,0.0,0.0,0.0,0.0,0.0,0.0,0.0,0.0,0.0,0.0,0.005,0.0,0.0,0.0,0.009,0.0,0.0,0.0,0.0,0.0,0.005,0.0,0.0,0.0,0.0,0.0,0.0,0.0,0.0,0.0,0.0,0.0,0.0,0.0,0.005,0.0,0.0,0.0,0.0,0.0,0.0,0.0,0.0,0.0,0.005,0.0,0.0,0.0,0.0,0.005,0.0,0.0,0.0,0.0,0.0,0.0,0.005,0.0,0.0,0.0,0.0,0.0,0.005,0.0,0.0,0.005,0.0,0.0,0.005,0.0,0.0,0.0,0.0,0.0,0.005,0.0,0.0,0.0,0.0,0.0,0.0,0.0,0.005,0.0,0.0,0.0,0.0,0.0,0.0,0.0,0.005,0.0,0.0,0.0,0.0,0.0,0.0,0.005,0.0,0.0,0.0,0.0,0.0,0.0,0.0,0.0,0.0,0.0,0.005,0.0,0.0,0.0,0.0,0.0,0.0,0.0,0.005,0.0,0.0,0.0,0.0,0.005,0.0,0.0,0.0,0.0,0.009,0.005,0.0,0.0,0.005,0.0,0.005,0.005,0.005,0.0,0.0,0.0,0.0,0.005,0.0,0.0,0.0,0.005,0.0,0.005,0.0,0.0,0.0,0.0,0.0,0.0,0.0,0.0,0.0,0.0,0.0,0.0,0.0,0.0,0.0,0.0,0.0,0.0,0.0,0.0,0.0,0.0,0.0,0.0,0.0,0.0,0.0,0.0,0.0,0.0,0.0,0.0,0.0,196
2, 17,0.106,586,3.64,0,0,0,0,0,0,0,0,0,0,0,0,0,0,0,0,0,0,172,1.068,0,0,0,0,0,0,0,0,0,0,0,0,0,0,0,0,0,0,0,0,7,0.043,8,0.05,30,0.186,0,0,0,0,0,0,0,0,0,0,0,0,0,0,0.114,0.121,0.029,0.017,0.006,0.012,0.0,0.006,0.012,0.012,0.017,0.006,0.0,0.0,0.0,0.0,0.006,0.006,0.006,0.023,0.0,0.006,0.0,0.006,0.012,0.0,0.012,0.017,0.006,0.012,0.0,0.0,0.0,0.0,0.006,0.006,0.0,0.0,0.006,0.012,0.0,0.006,0.006,0.0,0.006,0.017,0.006,0.04,0.006,0.012,0.0,0.0,0.006,0.006,0.0,0.006,0.0,0.012,0.0,0.017,0.0,0.0,0.0,0.0,0.006,0.006,0.006,0.0,0.0,0.0,0.0,0.0,0.0,0.0,0.006,0.0,0.006,0.012,0.0,0.006,0.0,0.0,0.0,0.0,0.0,0.012,0.0,0.0,0.006,0.0,0.0,0.012,0.023,0.0,0.006,0.0,0.0,0.0,0.006,0.0,0.006,0.006,0.0,0.006,0.0,0.0,0.006,0.0,0.0,0.0,0.0,0.006,0.0,0.0,0.006,0.006,0.0,0.006,0.0,0.0,0.0,0.0,0.0,0.0,0.0,0.0,0.006,0.0,0.0,0.0,0.0,0.0,0.006,0.0,0.0,0.0,0.0,0.0,0.0,0.0,0.0,0.0,0.0,0.0,0.0,0.0,0.0,0.0,0.0,0.0,0.0,0.006,0.0,0.0,0.006,0.0,0.0,0.0,0.006,0.0,0.0,0.0,0.0,0.0,0.0,0.0,0.012,0.0,0.0,0.0,0.006,0.0,0.0,0.0,0.0,0.0,0.0,0.0,0.006,0.0,0.0,0.0,0.0,0.0,0.0,0.0,0.0,0.0,0.006,0.0,0.012,0.0,0.006,0.0,0.006,0.0,0.0,0.0,0.0,0.0,0.0,0.0,0.0,0.0,0.0,0.0,0.0,0.0,0.0,0.0,0.006,0.006,0.0,0.0,0.0,0.0,0.0,0.0,0.006,0.006,0.0,0.0,0.0,0.0,0.0,0.0,0.006,0.006,0.006,0.0,0.0,0.0,0.0,0.006,0.0,0.0,0.0,0.0,0.0,0.0,0.0,0.0,0.0,0.0,0.0,0.0,0.006,0.0,0.0,0.0,0.0,0.0,0.0,0.006,0.0,0.0,0.0,0.0,0.0,0.0,0.0,0.0,0.0,0.0,0.0,0.0,0.0,0.0,0.006,0.0,0.0,0.0,0.0,0.0,0.0,0.0,0.0,0.0,0.0,0.0,0.0,0.006,0.0,0.0,0.0,0.0,0.0,0.0,0.006,0.0,0.0,0.0,0.0,0.0,0.0,0.0,0.0,0.0,161
4, 53,0.173,932,3.046,0,0,0,0,0,0,0,0,0,0,0,0,0,0,0,0,0,0,300,0.98,0,0,0,0,0,0,0,0,0,0,0,0,0,0,2,0.007,0,0,0,0,0,0,0,0,44,0.144,2,0.007,0,0,0,0,0,0,0,0,0,4,0,3,0.04,0.066,0.003,0.007,0.007,0.0,0.0,0.0,0.003,0.003,0.007,0.003,0.0,0.0,0.003,0.01,0.013,0.0,0.01,0.0,0.007,0.01,0.007,0.003,0.033,0.0,0.037,0.017,0.0,0.013,0.007,0.0,0.01,0.0,0.003,0.0,0.003,0.003,0.007,0.0,0.0,0.007,0.007,0.0,0.01,0.017,0.003,0.003,0.0,0.0,0.0,0.0,0.023,0.0,0.013,0.007,0.0,0.023,0.01,0.01,0.0,0.0,0.003,0.0,0.003,0.003,0.0,0.0,0.0,0.003,0.003,0.0,0.0,0.0,0.0,0.01,0.003,0.013,0.0,0.007,0.01,0.01,0.0,0.003,0.003,0.0,0.003,0.0,0.013,0.003,0.0,0.007,0.0,0.0,0.0,0.003,0.0,0.003,0.003,0.0,0.0,0.0,0.0,0.013,0.003,0.0,0.007,0.003,0.003,0.003,0.0,0.0,0.0,0.0,0.003,0.0,0.0,0.0,0.0,0.0,0.0,0.003,0.0,0.0,0.0,0.0,0.003,0.0,0.0,0.0,0.0,0.0,0.0,0.0,0.0,0.0,0.003,0.0,0.0,0.0,0.0,0.0,0.0,0.0,0.003,0.003,0.0,0.0,0.0,0.0,0.0,0.0,0.0,0.003,0.007,0.0,0.0,0.0,0.0,0.003,0.0,0.0,0.0,0.003,0.0,0.003,0.013,0.007,0.0,0.0,0.003,0.0,0.003,0.0,0.0,0.0,0.007,0.017,0.0,0.0,0.0,0.0,0.003,0.013,0.0,0.0,0.003,0.003,0.0,0.003,0.003,0.0,0.003,0.003,0.0,0.007,0.007,0.0,0.0,0.0,0.003,0.0,0.003,0.0,0.0,0.0,0.0,0.003,0.003,0.013,0.0,0.017,0.0,0.0,0.0,0.0,0.0,0.0,0.003,0.003,0.0,0.0,0.003,0.0,0.0,0.0,0.0,0.0,0.0,0.0,0.0,0.0,0.0,0.0,0.027,0.01,0.0,0.0,0.0,0.0,0.0,0.0,0.0,0.0,0.0,0.0,0.0,0.0,0.0,0.0,0.0,0.0,0.003,0.0,0.003,0.0,0.0,0.0,0.0,0.0,0.0,0.0,0.0,0.003,0.0,0.0,0.0,0.0,0.0,0.007,0.0,0.0,0.0,0.0,0.0,0.0,0.0,0.0,0.0,0.0,0.0,0.0,0.0,0.003,0.0,0.0,0.0,0.0,0.0,0.0,0.0,0.0,0.0,0.0,0.0,0.0,0.0,0.0,306
4, 5,0.017,1083,3.76,0,0,0,0,0,0,0,0,0,0,0,0,0,0,0,0,0,0,286,0.993,0,0,0,0,0,0,0,0,0,0,0,0,0,0,2,0.007,1,0.003,1,0.003,0,0,0,0,38,0.132,0,0,0,0,0,0,0,0,0,0,0,1,0,3,0.034,0.056,0.024,0.031,0.014,0.017,0.014,0.01,0.01,0.017,0.007,0.01,0.014,0.01,0.007,0.007,0.01,0.01,0.007,0.003,0.01,0.01,0.003,0.007,0.007,0.003,0.003,0.01,0.003,0.003,0.007,0.003,0.0,0.003,0.003,0.007,0.007,0.014,0.007,0.014,0.007,0.003,0.003,0.007,0.007,0.003,0.003,0.003,0.003,0.017,0.007,0.003,0.007,0.003,0.0,0.003,0.0,0.007,0.003,0.0,0.0,0.003,0.007,0.0,0.003,0.003,0.0,0.0,0.007,0.007,0.0,0.003,0.0,0.007,0.003,0.003,0.0,0.007,0.0,0.0,0.003,0.007,0.003,0.0,0.003,0.01,0.003,0.0,0.0,0.003,0.0,0.003,0.0,0.007,0.007,0.0,0.0,0.007,0.0,0.003,0.003,0.0,0.003,0.0,0.0,0.0,0.0,0.0,0.0,0.0,0.0,0.0,0.0,0.003,0.003,0.0,0.0,0.003,0.0,0.003,0.0,0.003,0.007,0.007,0.003,0.0,0.003,0.0,0.003,0.0,0.0,0.0,0.003,0.0,0.007,0.003,0.0,0.0,0.003,0.003,0.0,0.003,0.0,0.003,0.0,0.003,0.0,0.0,0.0,0.0,0.0,0.0,0.003,0.0,0.0,0.0,0.0,0.0,0.0,0.0,0.007,0.0,0.003,0.003,0.0,0.003,0.0,0.0,0.0,0.0,0.0,0.0,0.0,0.0,0.007,0.007,0.0,0.003,0.0,0.003,0.0,0.0,0.0,0.0,0.003,0.0,0.0,0.0,0.0,0.0,0.0,0.0,0.003,0.007,0.003,0.0,0.0,0.003,0.0,0.0,0.007,0.003,0.0,0.0,0.003,0.0,0.0,0.0,0.003,0.0,0.0,0.0,0.0,0.0,0.0,0.0,0.0,0.0,0.0,0.007,0.0,0.0,0.0,0.0,0.0,0.0,0.0,0.003,0.0,0.003,0.003,0.0,0.003,0.0,0.0,0.003,0.0,0.0,0.0,0.003,0.0,0.0,0.0,0.0,0.0,0.0,0.0,0.0,0.0,0.0,0.0,0.0,0.0,0.0,0.0,0.0,0.0,0.0,0.0,0.0,0.0,0.0,0.0,0.0,0.0,0.0,0.0,0.0,0.0,0.0,0.0,0.0,0.0,0.0,0.0,0.003,0.0,0.0,0.0,0.0,0.0,0.003,0.0,0.0,0.0,0.003,0.0,0.0,0.0,0.0,0.0,0.0,0.0,0.0,0.0,0.0,0.0,0.0,288
4, 0,0,637,3.481,0,0,0,0,0,0,0,0,0,0,0,0,0,0,0,0,0,0,196,1.071,0,0,0,0,0,0,0,0,0,0,0,0,0,0,1,0.005,0,0,0,0,0,0,0,0,22,0.12,0,0,0,0,0,0,0,0,0,0,0,3,0,6,0.18,0.061,0.01,0.025,0.005,0.005,0.005,0.01,0.025,0.005,0.005,0.005,0.0,0.015,0.01,0.01,0.01,0.01,0.02,0.005,0.01,0.015,0.01,0.0,0.0,0.005,0.005,0.005,0.005,0.01,0.015,0.0,0.01,0.0,0.005,0.0,0.005,0.005,0.0,0.01,0.0,0.01,0.0,0.0,0.005,0.01,0.005,0.0,0.005,0.015,0.0,0.0,0.0,0.01,0.0,0.0,0.0,0.005,0.0,0.0,0.005,0.0,0.005,0.005,0.005,0.005,0.005,0.0,0.005,0.0,0.0,0.005,0.0,0.0,0.015,0.0,0.0,0.005,0.01,0.01,0.0,0.0,0.0,0.0,0.0,0.0,0.005,0.0,0.0,0.0,0.0,0.0,0.005,0.0,0.0,0.005,0.01,0.005,0.005,0.005,0.005,0.01,0.0,0.0,0.0,0.005,0.005,0.0,0.005,0.005,0.0,0.0,0.0,0.005,0.0,0.005,0.0,0.005,0.0,0.0,0.0,0.0,0.005,0.0,0.0,0.0,0.0,0.0,0.0,0.0,0.005,0.0,0.0,0.0,0.005,0.0,0.005,0.005,0.0,0.0,0.005,0.0,0.0,0.01,0.005,0.0,0.0,0.0,0.0,0.0,0.0,0.005,0.0,0.005,0.0,0.0,0.0,0.0,0.005,0.0,0.0,0.0,0.0,0.0,0.0,0.0,0.0,0.005,0.0,0.0,0.0,0.0,0.0,0.01,0.0,0.0,0.0,0.0,0.0,0.0,0.005,0.015,0.0,0.0,0.0,0.0,0.0,0.0,0.0,0.0,0.0,0.0,0.0,0.0,0.0,0.0,0.0,0.0,0.0,0.0,0.0,0.0,0.0,0.0,0.0,0.0,0.0,0.0,0.0,0.0,0.0,0.0,0.0,0.0,0.0,0.0,0.0,0.01,0.0,0.0,0.0,0.0,0.0,0.0,0.0,0.0,0.0,0.0,0.0,0.0,0.0,0.005,0.0,0.0,0.0,0.0,0.0,0.0,0.0,0.0,0.0,0.0,0.0,0.0,0.0,0.0,0.0,0.0,0.0,0.0,0.0,0.0,0.0,0.0,0.0,0.0,0.0,0.0,0.0,0.0,0.005,0.0,0.0,0.0,0.0,0.005,0.0,0.0,0.0,0.005,0.0,0.0,0.0,0.0,0.0,0.0,0.0,0.0,0.005,0.0,0.0,0.0,0.0,0.005,0.0,0.0,0.0,0.0,0.0,0.0,0.0,0.0,0.0,0.0,0.0,0.0,0.0,0.0,183
4, 17,0.058,1070,3.652,0,0,0,0,0,0,0,0,0,0,0,0,0,0,0,0,0,0,290,0.99,0,0,0,0,0,0,0,0,0,0,0,0,0,0,5,0.017,3,0.01,1,0.003,0,0,0,0,56,0.191,0,0,0,0,0,0,0,0,0,0,0,2,1,4,0.079,0.055,0.01,0.017,0.003,0.007,0.017,0.014,0.01,0.014,0.007,0.014,0.01,0.024,0.017,0.0,0.01,0.024,0.01,0.007,0.003,0.007,0.017,0.021,0.0,0.01,0.0,0.003,0.007,0.01,0.0,0.003,0.014,0.003,0.003,0.007,0.017,0.003,0.003,0.01,0.01,0.024,0.003,0.01,0.007,0.003,0.003,0.003,0.017,0.0,0.0,0.003,0.007,0.0,0.003,0.003,0.003,0.003,0.003,0.0,0.007,0.0,0.014,0.003,0.003,0.003,0.003,0.003,0.0,0.0,0.003,0.003,0.003,0.0,0.0,0.0,0.003,0.003,0.0,0.0,0.0,0.0,0.0,0.0,0.0,0.0,0.007,0.007,0.003,0.0,0.003,0.0,0.003,0.0,0.0,0.0,0.003,0.0,0.003,0.0,0.0,0.0,0.0,0.007,0.003,0.003,0.003,0.007,0.0,0.0,0.01,0.0,0.003,0.0,0.0,0.003,0.007,0.0,0.0,0.0,0.0,0.003,0.0,0.0,0.0,0.0,0.003,0.003,0.0,0.003,0.0,0.0,0.0,0.0,0.007,0.0,0.0,0.003,0.0,0.0,0.0,0.0,0.003,0.003,0.0,0.0,0.003,0.0,0.0,0.0,0.0,0.0,0.0,0.003,0.003,0.0,0.0,0.0,0.0,0.003,0.003,0.0,0.0,0.0,0.0,0.0,0.003,0.0,0.0,0.0,0.0,0.0,0.0,0.0,0.0,0.0,0.0,0.0,0.0,0.0,0.0,0.0,0.003,0.0,0.0,0.0,0.0,0.0,0.0,0.0,0.0,0.003,0.0,0.0,0.003,0.0,0.0,0.0,0.003,0.0,0.0,0.0,0.0,0.003,0.003,0.0,0.003,0.0,0.0,0.0,0.003,0.0,0.0,0.0,0.0,0.0,0.0,0.0,0.0,0.0,0.003,0.003,0.003,0.0,0.0,0.0,0.0,0.0,0.0,0.0,0.0,0.0,0.0,0.003,0.0,0.0,0.0,0.0,0.0,0.003,0.0,0.0,0.0,0.0,0.0,0.0,0.0,0.0,0.0,0.003,0.0,0.003,0.0,0.0,0.0,0.0,0.0,0.0,0.0,0.0,0.003,0.0,0.0,0.0,0.0,0.0,0.0,0.0,0.0,0.0,0.0,0.0,0.0,0.0,0.0,0.0,0.0,0.0,0.0,0.0,0.0,0.0,0.003,0.0,0.0,0.0,0.0,0.0,0.0,0.0,0.0,0.0,0.0,0.0,0.0,0.0,0.0,0.007,293
4, 1,0.004,871,3.312,0,0,0,0,0,0,0,0,0,0,0,0,2,0.008,0,0,0,0,256,0.973,0,0,0,0,0,0,0,0,0,0,0,0,0,0,3,0.011,1,0.004,3,0.011,0,0,0,0,41,0.156,0,0,0,0,0,0,0,0,0,0,0,5,0,4,0.141,0.082,0.008,0.019,0.004,0.0,0.008,0.016,0.012,0.012,0.004,0.023,0.008,0.004,0.016,0.008,0.0,0.004,0.016,0.004,0.004,0.016,0.023,0.004,0.0,0.0,0.0,0.0,0.008,0.0,0.004,0.016,0.008,0.0,0.008,0.004,0.0,0.012,0.012,0.008,0.008,0.008,0.004,0.008,0.004,0.004,0.004,0.004,0.004,0.004,0.0,0.0,0.004,0.008,0.0,0.004,0.004,0.0,0.004,0.0,0.004,0.0,0.004,0.0,0.004,0.004,0.0,0.004,0.0,0.008,0.008,0.004,0.004,0.004,0.0,0.004,0.012,0.0,0.016,0.0,0.0,0.0,0.0,0.004,0.004,0.004,0.004,0.0,0.004,0.0,0.0,0.0,0.0,0.0,0.0,0.0,0.0,0.004,0.004,0.008,0.0,0.004,0.004,0.0,0.0,0.008,0.0,0.004,0.004,0.0,0.004,0.004,0.0,0.0,0.0,0.0,0.004,0.0,0.008,0.0,0.0,0.004,0.004,0.008,0.004,0.0,0.004,0.0,0.0,0.0,0.0,0.0,0.008,0.004,0.0,0.0,0.004,0.0,0.004,0.0,0.004,0.0,0.0,0.0,0.0,0.0,0.0,0.0,0.004,0.0,0.0,0.0,0.0,0.0,0.0,0.0,0.0,0.0,0.0,0.004,0.0,0.0,0.0,0.004,0.0,0.0,0.0,0.0,0.004,0.0,0.004,0.0,0.0,0.004,0.0,0.0,0.0,0.0,0.004,0.004,0.0,0.0,0.0,0.0,0.0,0.004,0.004,0.0,0.0,0.0,0.0,0.0,0.0,0.0,0.0,0.0,0.0,0.0,0.0,0.0,0.0,0.0,0.004,0.0,0.0,0.0,0.0,0.0,0.0,0.0,0.0,0.0,0.004,0.0,0.0,0.0,0.0,0.0,0.0,0.004,0.0,0.0,0.0,0.0,0.0,0.0,0.0,0.0,0.0,0.0,0.008,0.0,0.0,0.0,0.0,0.0,0.0,0.0,0.0,0.004,0.0,0.0,0.0,0.0,0.0,0.0,0.0,0.0,0.004,0.0,0.0,0.004,0.0,0.0,0.0,0.0,0.0,0.0,0.004,0.0,0.0,0.0,0.0,0.004,0.0,0.0,0.0,0.0,0.0,0.0,0.004,0.0,0.0,0.0,0.004,0.0,0.0,0.0,0.0,0.004,0.0,0.0,0.0,0.0,0.004,0.0,0.0,0.0,0.0,0.0,0.0,0.0,0.0,0.0,0.0,0.0,0.0,0.004,263
5, 9,0.028,1193,3.752,0,0,0,0,0,0,0,0,0,0,0,0,6,0.019,0,0,0,0,294,0.925,0,0,0,0,0,0,0,0,0,0,0,0,0,0,0,0,0,0,0,0,0,0,0,0,86,0.27,0,0,0,0,0,0,0,0,0,0,0,7,0,9,0.052,0.047,0.02,0.01,0.003,0.024,0.0,0.014,0.007,0.007,0.0,0.017,0.02,0.01,0.007,0.014,0.0,0.01,0.007,0.0,0.0,0.007,0.003,0.007,0.003,0.007,0.01,0.0,0.01,0.007,0.007,0.0,0.007,0.007,0.0,0.01,0.003,0.01,0.014,0.01,0.007,0.003,0.0,0.003,0.007,0.0,0.003,0.003,0.01,0.003,0.003,0.0,0.003,0.003,0.0,0.0,0.003,0.007,0.007,0.0,0.007,0.003,0.0,0.01,0.003,0.003,0.0,0.003,0.003,0.003,0.007,0.003,0.0,0.003,0.007,0.0,0.0,0.003,0.003,0.0,0.0,0.003,0.0,0.003,0.017,0.003,0.01,0.003,0.0,0.0,0.0,0.0,0.0,0.0,0.0,0.0,0.003,0.0,0.0,0.003,0.0,0.0,0.0,0.003,0.0,0.0,0.003,0.0,0.0,0.01,0.0,0.0,0.003,0.0,0.003,0.0,0.01,0.003,0.0,0.003,0.0,0.003,0.003,0.003,0.003,0.0,0.0,0.0,0.0,0.0,0.0,0.0,0.0,0.003,0.0,0.0,0.0,0.0,0.003,0.0,0.007,0.014,0.0,0.007,0.0,0.0,0.003,0.0,0.0,0.0,0.003,0.003,0.0,0.0,0.003,0.003,0.0,0.003,0.003,0.003,0.0,0.0,0.0,0.0,0.007,0.003,0.0,0.0,0.0,0.0,0.0,0.003,0.0,0.0,0.0,0.0,0.0,0.0,0.0,0.0,0.0,0.0,0.003,0.0,0.003,0.0,0.0,0.0,0.0,0.007,0.0,0.0,0.0,0.003,0.0,0.003,0.0,0.003,0.003,0.0,0.0,0.0,0.003,0.0,0.0,0.0,0.003,0.0,0.0,0.003,0.0,0.0,0.0,0.0,0.0,0.0,0.003,0.0,0.0,0.007,0.0,0.0,0.0,0.0,0.0,0.0,0.0,0.003,0.0,0.0,0.0,0.0,0.0,0.0,0.0,0.0,0.003,0.0,0.007,0.003,0.003,0.003,0.003,0.0,0.0,0.003,0.0,0.0,0.003,0.0,0.0,0.0,0.0,0.0,0.0,0.0,0.0,0.0,0.0,0.0,0.003,0.0,0.0,0.0,0.0,0.0,0.0,0.0,0.0,0.0,0.0,0.0,0.0,0.003,0.007,0.0,0.003,0.0,0.0,0.0,0.0,0.0,0.0,0.0,0.007,0.0,0.0,0.0,0.0,0.0,0.003,0.0,0.0,0.0,0.0,0.0,0.0,0.0,318
5, 20,0.123,523,3.228,0,0,0,0,0,0,0,0,0,0,0,0,6,0.037,0,0,0,0,155,0.957,0,0,0,0,0,0,0,0,0,0,0,0,0,0,0,0,0,0,0,0,0,0,0,0,39,0.241,0,0,0,0,0,0,0,0,0,0,1,1,0,7,0.181,0.09,0.0,0.032,0.0,0.006,0.0,0.013,0.026,0.013,0.019,0.019,0.0,0.013,0.013,0.0,0.0,0.019,0.006,0.0,0.0,0.006,0.013,0.0,0.006,0.0,0.0,0.006,0.019,0.013,0.006,0.0,0.013,0.006,0.0,0.013,0.0,0.0,0.013,0.006,0.006,0.006,0.0,0.006,0.0,0.006,0.006,0.013,0.006,0.0,0.006,0.0,0.0,0.0,0.0,0.0,0.013,0.0,0.0,0.0,0.0,0.0,0.0,0.0,0.006,0.006,0.0,0.0,0.006,0.0,0.006,0.006,0.0,0.006,0.006,0.0,0.0,0.0,0.0,0.0,0.006,0.0,0.0,0.006,0.0,0.0,0.0,0.0,0.0,0.006,0.0,0.0,0.006,0.0,0.0,0.0,0.0,0.0,0.0,0.006,0.0,0.006,0.013,0.0,0.0,0.0,0.0,0.0,0.019,0.0,0.006,0.0,0.006,0.0,0.0,0.006,0.0,0.006,0.0,0.0,0.0,0.0,0.0,0.0,0.0,0.006,0.006,0.0,0.0,0.006,0.006,0.006,0.0,0.0,0.0,0.0,0.0,0.0,0.0,0.0,0.0,0.0,0.0,0.0,0.0,0.006,0.0,0.0,0.006,0.0,0.0,0.0,0.0,0.0,0.006,0.006,0.006,0.006,0.0,0.006,0.0,0.006,0.0,0.0,0.0,0.006,0.0,0.0,0.0,0.0,0.0,0.0,0.0,0.0,0.0,0.0,0.006,0.0,0.006,0.0,0.0,0.0,0.0,0.0,0.0,0.0,0.0,0.0,0.0,0.0,0.0,0.0,0.0,0.0,0.0,0.0,0.0,0.0,0.0,0.0,0.0,0.0,0.019,0.0,0.0,0.0,0.0,0.0,0.0,0.0,0.0,0.0,0.0,0.0,0.0,0.0,0.0,0.0,0.006,0.0,0.0,0.0,0.0,0.0,0.0,0.006,0.0,0.0,0.0,0.0,0.0,0.0,0.0,0.0,0.0,0.0,0.0,0.0,0.0,0.0,0.0,0.0,0.0,0.0,0.0,0.0,0.006,0.0,0.0,0.0,0.0,0.0,0.0,0.0,0.0,0.0,0.0,0.0,0.006,0.0,0.0,0.0,0.0,0.0,0.0,0.0,0.0,0.0,0.0,0.0,0.0,0.006,0.0,0.0,0.0,0.0,0.0,0.0,0.0,0.0,0.0,0.0,0.0,0.0,0.0,0.0,0.0,0.006,0.006,0.0,0.0,0.0,0.0,0.0,0.006,0.0,0.0,0.0,162
5, 29,0.201,502,3.486,0,0,0,0,0,0,0,0,0,0,0,0,4,0.028,0,0,0,0,142,0.986,0,0,0,0,0,0,0,0,0,0,0,0,0,0,0,0,0,0,0,0,0,0,0,0,40,0.278,2,0.014,2,0.014,0,0,0,0,0,0,0,2,0,1,0.081,0.133,0.028,0.021,0.014,0.014,0.0,0.014,0.021,0.014,0.0,0.035,0.021,0.007,0.007,0.007,0.0,0.007,0.014,0.007,0.007,0.007,0.0,0.0,0.014,0.0,0.0,0.0,0.014,0.0,0.007,0.0,0.021,0.014,0.0,0.007,0.0,0.0,0.007,0.014,0.007,0.0,0.0,0.007,0.0,0.0,0.007,0.007,0.007,0.0,0.0,0.0,0.0,0.0,0.0,0.0,0.007,0.0,0.007,0.0,0.007,0.0,0.0,0.0,0.007,0.007,0.007,0.007,0.0,0.0,0.0,0.0,0.0,0.0,0.007,0.007,0.0,0.0,0.007,0.0,0.0,0.0,0.0,0.007,0.007,0.0,0.0,0.0,0.0,0.0,0.0,0.007,0.0,0.0,0.0,0.0,0.0,0.0,0.0,0.021,0.0,0.0,0.007,0.0,0.0,0.0,0.0,0.0,0.0,0.0,0.0,0.0,0.0,0.007,0.0,0.0,0.0,0.0,0.0,0.007,0.0,0.007,0.007,0.007,0.0,0.0,0.007,0.0,0.007,0.0,0.0,0.0,0.0,0.0,0.0,0.0,0.0,0.0,0.0,0.0,0.0,0.0,0.0,0.0,0.007,0.0,0.0,0.0,0.0,0.0,0.0,0.0,0.0,0.0,0.0,0.0,0.0,0.0,0.007,0.0,0.0,0.0,0.0,0.0,0.0,0.0,0.0,0.0,0.0,0.0,0.0,0.0,0.0,0.007,0.0,0.0,0.0,0.0,0.0,0.007,0.0,0.0,0.0,0.0,0.0,0.007,0.0,0.0,0.0,0.014,0.0,0.0,0.0,0.0,0.0,0.0,0.0,0.0,0.0,0.0,0.0,0.0,0.0,0.0,0.0,0.007,0.0,0.0,0.0,0.0,0.0,0.0,0.0,0.007,0.0,0.007,0.0,0.014,0.0,0.0,0.0,0.0,0.0,0.0,0.0,0.0,0.0,0.0,0.0,0.0,0.0,0.0,0.0,0.014,0.0,0.0,0.0,0.0,0.0,0.0,0.0,0.0,0.0,0.0,0.0,0.0,0.0,0.0,0.0,0.0,0.0,0.0,0.0,0.0,0.0,0.0,0.0,0.0,0.0,0.0,0.014,0.0,0.0,0.0,0.007,0.0,0.007,0.0,0.0,0.0,0.0,0.0,0.0,0.014,0.0,0.0,0.0,0.0,0.0,0.0,0.0,0.0,0.0,0.0,0.0,0.0,0.0,0.0,0.0,0.0,0.007,0.0,0.0,0.0,0.0,0.014,0.0,0.0,144
5, 32,0.17,646,3.436,0,0,0,0,0,0,0,0,0,0,0,0,3,0.016,0,0,0,0,194,1.032,0,0,0,0,0,0,0,0,0,0,0,0,0,0,0,0,0,0,0,0,0,0,0,0,42,0.223,0,0,0,0,0,0,0,0,0,0,0,1,0,0,0.016,0.067,0.01,0.056,0.026,0.015,0.01,0.015,0.021,0.021,0.021,0.015,0.005,0.005,0.015,0.0,0.0,0.005,0.021,0.005,0.0,0.01,0.0,0.005,0.01,0.01,0.005,0.01,0.01,0.005,0.005,0.01,0.0,0.0,0.0,0.0,0.0,0.005,0.005,0.005,0.01,0.0,0.0,0.015,0.01,0.005,0.005,0.0,0.0,0.01,0.0,0.0,0.0,0.0,0.005,0.0,0.0,0.0,0.01,0.0,0.01,0.0,0.005,0.0,0.005,0.005,0.0,0.0,0.0,0.0,0.0,0.005,0.005,0.0,0.005,0.0,0.005,0.0,0.0,0.0,0.0,0.0,0.005,0.005,0.0,0.0,0.0,0.0,0.0,0.005,0.005,0.0,0.0,0.0,0.0,0.0,0.01,0.005,0.0,0.0,0.0,0.005,0.0,0.0,0.0,0.0,0.01,0.005,0.005,0.005,0.0,0.005,0.0,0.0,0.0,0.01,0.0,0.0,0.0,0.005,0.0,0.0,0.005,0.0,0.0,0.01,0.0,0.0,0.0,0.0,0.01,0.005,0.0,0.005,0.0,0.0,0.0,0.005,0.0,0.0,0.0,0.0,0.005,0.0,0.005,0.0,0.0,0.0,0.0,0.005,0.0,0.0,0.0,0.0,0.005,0.005,0.015,0.0,0.0,0.0,0.0,0.021,0.0,0.0,0.0,0.0,0.0,0.0,0.0,0.0,0.0,0.0,0.0,0.0,0.0,0.0,0.0,0.0,0.0,0.0,0.01,0.0,0.0,0.0,0.0,0.0,0.0,0.0,0.0,0.0,0.0,0.0,0.0,0.0,0.0,0.0,0.0,0.0,0.005,0.0,0.0,0.0,0.0,0.0,0.0,0.005,0.0,0.0,0.0,0.0,0.0,0.0,0.0,0.0,0.0,0.0,0.0,0.0,0.0,0.0,0.005,0.0,0.0,0.01,0.0,0.0,0.0,0.0,0.0,0.01,0.0,0.0,0.0,0.005,0.005,0.0,0.0,0.0,0.0,0.0,0.0,0.0,0.0,0.005,0.0,0.0,0.0,0.0,0.0,0.0,0.0,0.0,0.0,0.0,0.0,0.005,0.0,0.0,0.0,0.0,0.0,0.0,0.0,0.0,0.0,0.0,0.0,0.005,0.0,0.0,0.0,0.01,0.0,0.0,0.0,0.0,0.005,0.0,0.0,0.0,0.0,0.0,0.0,0.0,0.0,0.0,0.0,0.0,0.0,0.0,0.005,0.0,0.0,0.0,0.01,0.0,0.005,0.0,188
5, 27,0.106,788,3.102,0,0,0,0,0,0,0,0,0,0,0,0,0,0,0,0,0,0,209,0.823,0,0,0,0,0,0,0,0,0,0,0,0,0,0,0,0,0,0,0,0,0,0,0,0,83,0.327,0,0,0,0,0,0,0,0,0,0,2,5,2,8,0.111,0.052,0.01,0.029,0.01,0.005,0.014,0.005,0.014,0.014,0.019,0.033,0.0,0.005,0.01,0.01,0.0,0.0,0.01,0.005,0.005,0.005,0.01,0.0,0.005,0.0,0.01,0.0,0.005,0.005,0.0,0.01,0.01,0.01,0.005,0.01,0.005,0.0,0.01,0.019,0.0,0.0,0.005,0.0,0.005,0.005,0.005,0.014,0.0,0.01,0.01,0.005,0.0,0.01,0.0,0.0,0.0,0.01,0.0,0.005,0.01,0.0,0.0,0.0,0.005,0.005,0.005,0.0,0.005,0.0,0.01,0.024,0.005,0.0,0.0,0.0,0.005,0.005,0.01,0.01,0.0,0.014,0.01,0.0,0.0,0.0,0.0,0.014,0.01,0.005,0.0,0.0,0.0,0.0,0.0,0.0,0.0,0.005,0.0,0.005,0.0,0.029,0.0,0.0,0.0,0.0,0.01,0.0,0.0,0.0,0.0,0.0,0.01,0.0,0.014,0.0,0.005,0.005,0.0,0.0,0.0,0.0,0.005,0.005,0.0,0.0,0.0,0.0,0.0,0.0,0.0,0.005,0.0,0.0,0.0,0.0,0.0,0.0,0.005,0.0,0.0,0.0,0.0,0.0,0.0,0.005,0.0,0.0,0.0,0.0,0.0,0.0,0.0,0.0,0.005,0.0,0.0,0.0,0.0,0.0,0.005,0.0,0.0,0.0,0.0,0.0,0.0,0.0,0.005,0.0,0.0,0.005,0.0,0.005,0.005,0.0,0.0,0.0,0.0,0.0,0.0,0.0,0.0,0.0,0.014,0.0,0.005,0.0,0.005,0.0,0.0,0.005,0.0,0.0,0.0,0.005,0.005,0.0,0.0,0.005,0.0,0.0,0.005,0.005,0.0,0.005,0.0,0.0,0.0,0.0,0.005,0.0,0.0,0.0,0.0,0.0,0.0,0.0,0.0,0.0,0.0,0.0,0.005,0.0,0.0,0.0,0.0,0.0,0.0,0.0,0.01,0.0,0.0,0.0,0.0,0.0,0.0,0.0,0.0,0.0,0.0,0.0,0.0,0.0,0.0,0.0,0.0,0.0,0.0,0.0,0.0,0.0,0.0,0.0,0.0,0.0,0.0,0.0,0.0,0.0,0.0,0.005,0.005,0.0,0.0,0.0,0.0,0.0,0.0,0.0,0.0,0.0,0.0,0.005,0.0,0.005,0.0,0.0,0.0,0.0,0.0,0.0,0.0,0.0,0.0,0.0,0.0,0.0,0.0,0.0,0.0,0.0,0.0,0.0,0.0,0.0,0.0,0.0,254
7, 0,0,55,3.235,0,0,0,0,0,0,0,0,0,0,0,0,0,0,0,0,0,0,24,1.412,0,0,0,0,0,0,0,0,0,0,0,0,0,0,0,0,0,0,0,0,0,0,0,0,6,0.353,0,0,0,0,0,0,0,0,0,0,0,0,0,0,0.111,0.0,0.0,0.08,0.0,0.0,0.0,0.04,0.08,0.08,0.0,0.04,0.04,0.04,0.0,0.0,0.04,0.0,0.04,0.0,0.04,0.04,0.0,0.0,0.0,0.0,0.0,0.0,0.0,0.0,0.0,0.0,0.0,0.04,0.04,0.0,0.0,0.0,0.0,0.0,0.0,0.0,0.0,0.0,0.0,0.0,0.04,0.0,0.0,0.0,0.0,0.0,0.0,0.0,0.0,0.0,0.0,0.0,0.0,0.0,0.0,0.0,0.0,0.0,0.04,0.04,0.0,0.0,0.0,0.0,0.04,0.0,0.0,0.0,0.0,0.0,0.0,0.0,0.0,0.0,0.0,0.0,0.0,0.0,0.0,0.0,0.0,0.0,0.0,0.0,0.0,0.0,0.0,0.0,0.0,0.0,0.0,0.0,0.0,0.0,0.0,0.0,0.0,0.0,0.0,0.0,0.0,0.0,0.0,0.0,0.0,0.0,0.0,0.0,0.0,0.0,0.0,0.0,0.0,0.0,0.0,0.0,0.0,0.0,0.0,0.0,0.0,0.0,0.0,0.0,0.0,0.0,0.0,0.0,0.0,0.0,0.0,0.0,0.0,0.0,0.0,0.0,0.0,0.0,0.0,0.0,0.0,0.0,0.0,0.0,0.0,0.0,0.0,0.0,0.0,0.0,0.0,0.0,0.0,0.0,0.0,0.0,0.0,0.0,0.0,0.0,0.0,0.0,0.0,0.0,0.0,0.0,0.0,0.0,0.0,0.0,0.0,0.0,0.0,0.0,0.0,0.0,0.0,0.0,0.0,0.0,0.04,0.0,0.0,0.0,0.0,0.0,0.0,0.0,0.0,0.0,0.0,0.0,0.0,0.0,0.0,0.0,0.0,0.0,0.0,0.0,0.0,0.0,0.0,0.0,0.0,0.0,0.0,0.0,0.0,0.0,0.0,0.0,0.0,0.0,0.0,0.0,0.0,0.0,0.0,0.0,0.0,0.0,0.0,0.0,0.0,0.0,0.0,0.0,0.0,0.0,0.0,0.0,0.0,0.0,0.0,0.0,0.0,0.0,0.0,0.0,0.0,0.0,0.0,0.0,0.04,0.0,0.0,0.0,0.0,0.0,0.0,0.0,0.0,0.0,0.0,0.0,0.0,0.0,0.0,0.0,0.0,0.0,0.0,0.0,0.0,0.0,0.0,0.0,0.0,0.0,0.0,0.0,0.0,0.0,0.0,0.0,0.0,0.0,0.0,0.0,0.0,0.0,0.0,0.0,0.0,0.0,0.0,0.0,0.0,0.0,0.0,0.0,17
7, 0,0,793,3.906,0,0,0,0,0,0,0,0,0,0,0,0,9,0.044,0,0,0,0,206,1.015,0,0,0,0,0,0,0,0,0,0,0,0,0,0,2,0.01,0,0,0,0,0,0,0,0,28,0.138,0,0,0,0,0,0,0,0,0,0,0,0,2,0,0.007,0.024,0.034,0.029,0.014,0.019,0.019,0.034,0.029,0.005,0.005,0.034,0.024,0.014,0.005,0.005,0.0,0.01,0.01,0.01,0.01,0.005,0.029,0.0,0.005,0.005,0.01,0.01,0.005,0.005,0.01,0.01,0.01,0.0,0.005,0.0,0.01,0.01,0.005,0.005,0.029,0.005,0.0,0.005,0.005,0.005,0.005,0.005,0.0,0.0,0.005,0.0,0.005,0.014,0.005,0.01,0.0,0.0,0.0,0.0,0.005,0.0,0.0,0.0,0.005,0.005,0.005,0.024,0.005,0.005,0.005,0.0,0.0,0.0,0.0,0.0,0.0,0.005,0.0,0.0,0.0,0.005,0.0,0.0,0.005,0.01,0.0,0.005,0.01,0.0,0.0,0.0,0.005,0.005,0.005,0.0,0.005,0.0,0.0,0.0,0.005,0.0,0.0,0.0,0.005,0.0,0.0,0.0,0.0,0.0,0.005,0.0,0.005,0.0,0.0,0.005,0.0,0.0,0.0,0.0,0.0,0.0,0.0,0.0,0.0,0.014,0.005,0.0,0.0,0.0,0.005,0.0,0.0,0.0,0.0,0.0,0.0,0.005,0.0,0.0,0.01,0.005,0.0,0.0,0.005,0.0,0.0,0.0,0.005,0.0,0.0,0.0,0.0,0.0,0.0,0.005,0.01,0.0,0.0,0.0,0.0,0.0,0.0,0.0,0.0,0.0,0.0,0.005,0.0,0.0,0.0,0.0,0.0,0.0,0.005,0.0,0.0,0.01,0.0,0.0,0.0,0.0,0.005,0.005,0.0,0.0,0.0,0.0,0.0,0.0,0.0,0.0,0.0,0.0,0.0,0.0,0.0,0.0,0.01,0.0,0.0,0.0,0.0,0.0,0.0,0.0,0.0,0.0,0.0,0.005,0.0,0.0,0.0,0.0,0.0,0.0,0.0,0.0,0.0,0.0,0.0,0.0,0.005,0.005,0.0,0.0,0.005,0.0,0.0,0.0,0.0,0.005,0.0,0.0,0.0,0.0,0.0,0.0,0.0,0.0,0.0,0.0,0.0,0.0,0.0,0.0,0.0,0.005,0.0,0.0,0.0,0.0,0.0,0.0,0.0,0.01,0.0,0.0,0.005,0.0,0.0,0.0,0.0,0.0,0.0,0.0,0.0,0.0,0.005,0.0,0.0,0.0,0.0,0.0,0.0,0.0,0.0,0.0,0.005,0.0,0.0,0.0,0.005,0.0,0.0,0.0,0.0,0.0,0.0,0.005,0.0,0.0,0.0,0.0,0.0,0.0,0.0,0.0,203
7, 8,0.012,2397,3.551,0,0,0,0,0,0,0,0,0,0,0,0,37,0.055,0,0,0,0,620,0.919,0,0,0,0,0,0,0,0,0,0,0,0,0,0,3,0.004,9,0.013,9,0.013,0,0,0,0,102,0.151,0,0,0,0,0,0,0,0,0,0,0,13,0,0,0.027,0.019,0.031,0.018,0.021,0.023,0.026,0.013,0.01,0.021,0.003,0.014,0.013,0.013,0.016,0.006,0.01,0.006,0.003,0.013,0.0,0.006,0.01,0.008,0.0,0.013,0.003,0.0,0.003,0.002,0.008,0.005,0.008,0.01,0.0,0.005,0.002,0.01,0.005,0.003,0.005,0.002,0.002,0.0,0.005,0.0,0.002,0.005,0.006,0.003,0.008,0.01,0.003,0.005,0.002,0.005,0.005,0.0,0.0,0.003,0.005,0.003,0.003,0.006,0.002,0.002,0.003,0.002,0.0,0.005,0.002,0.006,0.005,0.002,0.003,0.0,0.003,0.0,0.002,0.0,0.002,0.003,0.002,0.0,0.002,0.0,0.003,0.003,0.003,0.0,0.002,0.0,0.002,0.0,0.002,0.002,0.002,0.005,0.003,0.0,0.008,0.003,0.005,0.003,0.005,0.002,0.0,0.002,0.002,0.0,0.003,0.005,0.003,0.0,0.0,0.0,0.0,0.005,0.003,0.0,0.002,0.0,0.0,0.005,0.0,0.002,0.003,0.002,0.0,0.005,0.002,0.006,0.0,0.0,0.002,0.002,0.002,0.002,0.003,0.005,0.0,0.002,0.002,0.002,0.0,0.0,0.002,0.003,0.002,0.0,0.003,0.002,0.0,0.0,0.0,0.008,0.0,0.002,0.0,0.0,0.002,0.008,0.002,0.0,0.0,0.002,0.002,0.003,0.002,0.003,0.002,0.002,0.002,0.0,0.0,0.0,0.0,0.0,0.002,0.005,0.0,0.002,0.002,0.0,0.0,0.002,0.0,0.0,0.002,0.002,0.0,0.0,0.0,0.002,0.0,0.0,0.002,0.002,0.005,0.0,0.0,0.0,0.0,0.003,0.002,0.0,0.0,0.002,0.0,0.0,0.0,0.002,0.002,0.0,0.002,0.0,0.003,0.0,0.0,0.0,0.0,0.0,0.0,0.01,0.002,0.0,0.003,0.0,0.0,0.0,0.0,0.0,0.0,0.0,0.0,0.0,0.0,0.002,0.0,0.002,0.002,0.002,0.002,0.0,0.0,0.0,0.0,0.003,0.0,0.002,0.0,0.002,0.0,0.0,0.003,0.003,0.002,0.0,0.0,0.0,0.0,0.002,0.002,0.0,0.0,0.002,0.0,0.002,0.0,0.0,0.002,0.002,0.003,0.0,0.0,0.0,0.0,0.002,0.0,0.0,0.003,0.0,0.0,0.0,0.0,0.0,0.0,0.0,0.0,0.0,0.003,0.002,0.0,0.002,0.0,0.0,0.002,0.0,675
7, 6,0.01,2166,3.598,0,0,0,0,0,0,0,0,0,0,0,0,0,0,0,0,0,0,556,0.924,0,0,0,0,0,0,0,0,0,0,0,0,0,0,2,0.003,7,0.012,7,0.012,0,0,0,0,82,0.136,0,0,0,0,0,0,0,0,0,0,0,6,0,2,0.02,0.009,0.022,0.013,0.014,0.016,0.022,0.016,0.009,0.016,0.011,0.013,0.007,0.005,0.013,0.009,0.013,0.009,0.002,0.007,0.014,0.007,0.014,0.005,0.007,0.013,0.004,0.002,0.013,0.009,0.005,0.009,0.004,0.007,0.004,0.004,0.005,0.005,0.011,0.002,0.005,0.005,0.009,0.002,0.004,0.0,0.004,0.005,0.002,0.005,0.014,0.004,0.0,0.005,0.0,0.002,0.005,0.005,0.002,0.004,0.005,0.005,0.002,0.002,0.002,0.002,0.002,0.004,0.002,0.005,0.007,0.002,0.002,0.009,0.0,0.002,0.004,0.002,0.002,0.004,0.002,0.004,0.0,0.002,0.002,0.005,0.004,0.004,0.004,0.004,0.004,0.002,0.002,0.004,0.002,0.005,0.002,0.0,0.0,0.002,0.004,0.0,0.004,0.002,0.004,0.0,0.0,0.0,0.004,0.0,0.0,0.002,0.0,0.004,0.0,0.002,0.005,0.002,0.002,0.005,0.0,0.002,0.0,0.004,0.005,0.004,0.002,0.002,0.0,0.005,0.0,0.002,0.002,0.0,0.0,0.0,0.005,0.007,0.004,0.002,0.002,0.002,0.002,0.002,0.002,0.005,0.0,0.0,0.0,0.0,0.0,0.002,0.0,0.002,0.0,0.002,0.0,0.0,0.0,0.0,0.0,0.0,0.0,0.0,0.002,0.0,0.0,0.0,0.002,0.004,0.0,0.002,0.0,0.0,0.0,0.004,0.002,0.002,0.0,0.002,0.002,0.0,0.004,0.0,0.0,0.002,0.002,0.002,0.0,0.004,0.0,0.004,0.0,0.0,0.002,0.002,0.0,0.0,0.0,0.002,0.004,0.0,0.002,0.0,0.002,0.0,0.0,0.004,0.002,0.002,0.004,0.0,0.0,0.004,0.0,0.004,0.0,0.0,0.002,0.0,0.0,0.0,0.0,0.0,0.0,0.0,0.002,0.0,0.002,0.0,0.004,0.002,0.0,0.0,0.0,0.0,0.002,0.0,0.0,0.0,0.0,0.0,0.0,0.0,0.0,0.0,0.0,0.0,0.0,0.002,0.002,0.0,0.0,0.002,0.0,0.002,0.002,0.0,0.0,0.0,0.0,0.004,0.0,0.002,0.002,0.005,0.002,0.004,0.0,0.002,0.004,0.0,0.0,0.0,0.004,0.0,0.0,0.0,0.002,0.0,0.0,0.002,0.0,0.0,0.0,0.002,0.0,0.002,0.002,0.0,0.0,0.004,0.0,0.0,0.0,0.002,0.0,0.0,602
7, 0,0,40,4,0,0,0,0,0,0,0,0,0,0,0,0,0,0,0,0,0,0,21,2.1,0,0,0,0,0,0,0,0,0,0,0,0,0,0,0,0,0,0,0,0,0,0,0,0,2,0.2,0,0,0,0,0,0,0,0,0,0,0,0,0,0,0,0.0,0.0,0.091,0.0,0.0,0.0,0.0,0.091,0.091,0.0,0.0,0.0,0.045,0.0,0.0,0.045,0.0,0.045,0.0,0.045,0.045,0.0,0.0,0.0,0.0,0.0,0.0,0.0,0.0,0.0,0.0,0.0,0.045,0.0,0.0,0.0,0.0,0.0,0.0,0.0,0.0,0.045,0.0,0.0,0.0,0.045,0.0,0.0,0.0,0.0,0.0,0.0,0.0,0.0,0.0,0.0,0.0,0.0,0.0,0.0,0.0,0.0,0.0,0.045,0.045,0.0,0.0,0.0,0.0,0.0,0.0,0.0,0.0,0.0,0.0,0.0,0.0,0.0,0.0,0.0,0.0,0.0,0.0,0.0,0.0,0.0,0.0,0.0,0.0,0.0,0.0,0.0,0.0,0.0,0.0,0.0,0.0,0.0,0.045,0.0,0.0,0.0,0.0,0.0,0.0,0.0,0.0,0.0,0.0,0.0,0.0,0.0,0.0,0.0,0.0,0.0,0.0,0.0,0.0,0.0,0.0,0.0,0.0,0.0,0.0,0.0,0.0,0.0,0.0,0.0,0.0,0.0,0.0,0.0,0.0,0.0,0.0,0.0,0.0,0.0,0.0,0.0,0.0,0.0,0.0,0.0,0.0,0.0,0.045,0.0,0.0,0.0,0.0,0.0,0.0,0.0,0.0,0.0,0.0,0.0,0.0,0.0,0.0,0.0,0.0,0.0,0.0,0.0,0.0,0.0,0.0,0.0,0.0,0.0,0.0,0.0,0.0,0.0,0.0,0.0,0.0,0.0,0.0,0.0,0.0,0.0,0.0,0.0,0.0,0.0,0.0,0.0,0.0,0.0,0.0,0.0,0.0,0.0,0.0,0.0,0.0,0.0,0.0,0.0,0.0,0.0,0.0,0.0,0.0,0.0,0.0,0.0,0.0,0.0,0.0,0.0,0.0,0.045,0.0,0.0,0.0,0.0,0.0,0.0,0.0,0.0,0.0,0.0,0.0,0.0,0.0,0.0,0.0,0.0,0.0,0.0,0.0,0.0,0.0,0.0,0.0,0.0,0.0,0.0,0.0,0.0,0.0,0.0,0.0,0.0,0.0,0.0,0.0,0.0,0.0,0.0,0.0,0.0,0.0,0.0,0.0,0.0,0.0,0.0,0.0,0.0,0.0,0.0,0.0,0.0,0.0,0.0,0.0,0.0,0.0,0.0,0.0,0.0,0.0,0.0,0.0,0.0,0.0,0.0,0.0,0.0,0.0,0.0,0.0,0.0,0.0,0.0,0.0,0.0,0.0,0.0,0.0,10
8, 25,0.231,385,3.565,0,0,0,0,0,0,0,0,0,0,0,0,2,0.019,0,0,0,0,120,1.111,0,0,0,0,0,0,0,0,0,0,0,0,0,0,0,0,1,0.009,1,0.009,0,0,0,0,20,0.185,0,0,0,0,0,0,0,0,0,0,0,4,0,1,0.052,0.091,0.025,0.025,0.008,0.008,0.017,0.0,0.017,0.017,0.017,0.008,0.017,0.0,0.0,0.0,0.0,0.0,0.008,0.025,0.0,0.008,0.0,0.0,0.017,0.008,0.041,0.033,0.008,0.008,0.0,0.0,0.008,0.008,0.0,0.0,0.0,0.025,0.008,0.0,0.0,0.0,0.05,0.008,0.0,0.0,0.008,0.0,0.0,0.017,0.0,0.008,0.0,0.008,0.0,0.0,0.0,0.0,0.008,0.0,0.008,0.0,0.0,0.0,0.008,0.008,0.0,0.008,0.0,0.008,0.0,0.008,0.008,0.008,0.0,0.0,0.0,0.0,0.0,0.0,0.017,0.0,0.008,0.0,0.0,0.0,0.0,0.0,0.017,0.008,0.0,0.017,0.0,0.0,0.0,0.0,0.0,0.0,0.0,0.0,0.017,0.008,0.0,0.0,0.0,0.0,0.008,0.0,0.0,0.0,0.0,0.0,0.0,0.0,0.0,0.0,0.0,0.0,0.0,0.0,0.008,0.0,0.0,0.0,0.0,0.0,0.0,0.008,0.0,0.0,0.0,0.008,0.0,0.0,0.0,0.0,0.0,0.0,0.0,0.008,0.0,0.0,0.0,0.0,0.0,0.008,0.0,0.0,0.0,0.0,0.0,0.0,0.008,0.0,0.0,0.0,0.008,0.0,0.0,0.0,0.008,0.0,0.0,0.0,0.0,0.0,0.0,0.008,0.0,0.0,0.0,0.0,0.0,0.0,0.0,0.0,0.008,0.0,0.0,0.0,0.0,0.0,0.0,0.0,0.0,0.0,0.0,0.0,0.0,0.0,0.0,0.0,0.0,0.0,0.0,0.0,0.0,0.008,0.0,0.0,0.0,0.0,0.0,0.008,0.0,0.0,0.008,0.0,0.0,0.0,0.0,0.0,0.0,0.0,0.0,0.0,0.0,0.0,0.0,0.0,0.0,0.0,0.0,0.0,0.008,0.0,0.008,0.0,0.0,0.0,0.0,0.0,0.0,0.0,0.0,0.0,0.0,0.0,0.0,0.0,0.0,0.0,0.0,0.0,0.0,0.0,0.0,0.0,0.0,0.0,0.0,0.0,0.0,0.0,0.0,0.0,0.0,0.008,0.0,0.0,0.0,0.0,0.0,0.0,0.0,0.0,0.0,0.0,0.0,0.0,0.0,0.0,0.0,0.008,0.0,0.0,0.0,0.0,0.0,0.0,0.0,0.0,0.0,0.0,0.0,0.0,0.0,0.0,0.0,0.0,0.0,0.0,0.0,0.0,0.0,0.0,0.0,0.0,108
8, 54,0.388,444,3.194,0,0,0,0,0,0,0,0,0,0,0,0,0,0,0,0,0,0,147,1.058,0,0,0,0,0,0,0,0,0,0,0,0,0,0,0,0,0,0,0,0,0,0,0,0,59,0.424,0,0,0,0,0,0,0,0,0,0,0,3,0,1,0.06,0.115,0.007,0.02,0.0,0.0,0.007,0.014,0.027,0.014,0.014,0.014,0.0,0.007,0.007,0.014,0.0,0.014,0.007,0.007,0.02,0.014,0.007,0.0,0.007,0.0,0.0,0.007,0.007,0.014,0.007,0.007,0.007,0.0,0.0,0.0,0.02,0.007,0.0,0.0,0.02,0.0,0.014,0.0,0.007,0.007,0.007,0.0,0.0,0.0,0.0,0.0,0.0,0.0,0.014,0.0,0.0,0.0,0.0,0.014,0.007,0.014,0.0,0.007,0.007,0.007,0.0,0.0,0.007,0.0,0.0,0.007,0.007,0.0,0.0,0.0,0.0,0.0,0.007,0.007,0.0,0.0,0.0,0.0,0.0,0.0,0.0,0.007,0.0,0.007,0.014,0.0,0.007,0.0,0.0,0.0,0.0,0.0,0.007,0.0,0.0,0.0,0.0,0.0,0.0,0.0,0.0,0.0,0.0,0.007,0.0,0.0,0.0,0.0,0.007,0.0,0.0,0.0,0.007,0.0,0.0,0.0,0.0,0.0,0.007,0.0,0.0,0.0,0.0,0.0,0.0,0.0,0.0,0.0,0.0,0.007,0.0,0.0,0.0,0.0,0.0,0.0,0.0,0.0,0.0,0.0,0.0,0.007,0.007,0.014,0.0,0.0,0.0,0.0,0.0,0.0,0.0,0.0,0.0,0.0,0.007,0.0,0.0,0.0,0.0,0.007,0.0,0.0,0.0,0.0,0.0,0.0,0.0,0.0,0.0,0.0,0.0,0.0,0.0,0.0,0.007,0.007,0.0,0.0,0.0,0.0,0.0,0.0,0.0,0.0,0.007,0.0,0.007,0.007,0.0,0.007,0.0,0.0,0.0,0.007,0.007,0.0,0.0,0.0,0.0,0.0,0.0,0.0,0.0,0.0,0.0,0.0,0.0,0.0,0.0,0.0,0.0,0.0,0.0,0.0,0.0,0.0,0.0,0.0,0.0,0.0,0.0,0.0,0.0,0.0,0.0,0.0,0.0,0.0,0.0,0.0,0.0,0.0,0.0,0.0,0.0,0.0,0.0,0.0,0.0,0.007,0.0,0.0,0.0,0.0,0.0,0.0,0.0,0.0,0.0,0.0,0.0,0.0,0.007,0.0,0.0,0.0,0.007,0.0,0.0,0.0,0.0,0.0,0.0,0.0,0.0,0.0,0.0,0.007,0.0,0.0,0.0,0.0,0.007,0.0,0.0,0.0,0.0,0.0,0.0,0.0,0.007,0.0,0.0,0.0,0.0,0.0,0.0,0.0,0.0,0.0,0.0,0.0,139
8, 37,0.092,1457,3.633,0,0,0,0,0,0,0,0,0,0,0,0,25,0.062,0,0,0,0,394,0.983,0,0,0,0,0,0,0,0,0,0,0,0,0,0,0,0,1,0.002,1,0.002,0,0,0,0,54,0.135,0,0,0,0,0,0,0,0,0,0,1,0,0,1,0.013,0.025,0.033,0.015,0.03,0.025,0.008,0.01,0.015,0.013,0.005,0.008,0.005,0.005,0.0,0.01,0.015,0.003,0.01,0.008,0.015,0.003,0.005,0.005,0.008,0.008,0.008,0.008,0.005,0.01,0.005,0.003,0.003,0.003,0.003,0.01,0.003,0.005,0.005,0.005,0.003,0.008,0.003,0.008,0.003,0.003,0.003,0.003,0.008,0.0,0.005,0.005,0.003,0.003,0.0,0.0,0.005,0.0,0.013,0.003,0.005,0.003,0.005,0.005,0.003,0.003,0.005,0.005,0.003,0.005,0.008,0.0,0.0,0.003,0.005,0.005,0.003,0.0,0.0,0.005,0.0,0.003,0.0,0.0,0.0,0.0,0.0,0.0,0.0,0.003,0.005,0.003,0.005,0.005,0.008,0.0,0.005,0.0,0.01,0.0,0.003,0.003,0.003,0.0,0.003,0.005,0.005,0.003,0.0,0.003,0.0,0.003,0.0,0.005,0.003,0.003,0.0,0.003,0.003,0.0,0.0,0.003,0.0,0.0,0.0,0.008,0.0,0.0,0.0,0.0,0.003,0.0,0.003,0.005,0.003,0.0,0.0,0.0,0.003,0.0,0.003,0.0,0.0,0.0,0.003,0.003,0.003,0.003,0.0,0.0,0.0,0.003,0.0,0.003,0.0,0.0,0.01,0.003,0.003,0.003,0.0,0.003,0.003,0.0,0.003,0.003,0.0,0.0,0.0,0.0,0.003,0.003,0.0,0.0,0.008,0.0,0.0,0.0,0.0,0.0,0.0,0.003,0.0,0.0,0.0,0.0,0.003,0.0,0.005,0.0,0.0,0.0,0.0,0.0,0.003,0.0,0.0,0.003,0.0,0.003,0.0,0.0,0.0,0.003,0.0,0.0,0.003,0.003,0.003,0.0,0.0,0.0,0.003,0.003,0.0,0.0,0.003,0.0,0.003,0.0,0.0,0.0,0.003,0.0,0.005,0.003,0.0,0.005,0.0,0.0,0.0,0.0,0.0,0.003,0.0,0.0,0.0,0.0,0.0,0.0,0.0,0.005,0.0,0.005,0.0,0.0,0.0,0.0,0.0,0.0,0.0,0.0,0.0,0.0,0.0,0.0,0.0,0.0,0.0,0.005,0.0,0.0,0.0,0.0,0.0,0.0,0.0,0.0,0.0,0.0,0.003,0.0,0.005,0.0,0.0,0.005,0.0,0.0,0.0,0.0,0.0,0.003,0.0,0.0,0.0,0.003,0.0,0.0,0.003,0.003,0.0,0.0,0.003,0.0,0.0,0.0,0.0,0.0,401
8, 87,0.224,1467,3.771,0,0,0,0,0,0,0,0,0,0,0,0,3,0.008,0,0,0,0,390,1.003,0,0,0,0,0,0,0,0,0,0,0,0,0,0,8,0.021,1,0.003,1,0.003,0,0,0,0,57,0.147,0,0,0,0,0,0,0,0,0,0,4,0,8,2,0.038,0.051,0.018,0.013,0.01,0.015,0.02,0.003,0.01,0.015,0.013,0.008,0.013,0.005,0.005,0.01,0.008,0.008,0.005,0.008,0.003,0.005,0.003,0.005,0.003,0.005,0.01,0.008,0.005,0.01,0.008,0.01,0.005,0.008,0.003,0.005,0.003,0.005,0.005,0.003,0.0,0.01,0.005,0.008,0.005,0.005,0.003,0.005,0.008,0.005,0.008,0.005,0.0,0.0,0.005,0.003,0.005,0.0,0.0,0.0,0.008,0.01,0.0,0.005,0.003,0.003,0.005,0.005,0.0,0.0,0.0,0.005,0.008,0.003,0.005,0.0,0.008,0.005,0.0,0.003,0.003,0.008,0.0,0.003,0.003,0.0,0.003,0.008,0.003,0.003,0.005,0.0,0.003,0.005,0.0,0.0,0.003,0.003,0.0,0.0,0.003,0.003,0.003,0.003,0.003,0.0,0.005,0.003,0.0,0.003,0.0,0.003,0.003,0.0,0.0,0.0,0.005,0.0,0.005,0.003,0.0,0.003,0.0,0.0,0.0,0.0,0.0,0.0,0.003,0.0,0.003,0.0,0.005,0.0,0.003,0.0,0.003,0.0,0.005,0.005,0.0,0.005,0.005,0.0,0.0,0.0,0.0,0.0,0.003,0.003,0.0,0.0,0.005,0.0,0.003,0.0,0.0,0.005,0.003,0.005,0.003,0.0,0.0,0.0,0.003,0.003,0.005,0.0,0.0,0.01,0.0,0.005,0.0,0.003,0.003,0.005,0.0,0.0,0.0,0.003,0.0,0.003,0.003,0.003,0.0,0.005,0.003,0.0,0.003,0.0,0.0,0.0,0.005,0.003,0.0,0.0,0.0,0.003,0.0,0.0,0.003,0.0,0.0,0.0,0.0,0.003,0.008,0.003,0.0,0.0,0.0,0.0,0.003,0.003,0.0,0.003,0.0,0.003,0.0,0.0,0.003,0.003,0.0,0.0,0.0,0.003,0.0,0.0,0.003,0.003,0.0,0.0,0.0,0.0,0.0,0.0,0.0,0.0,0.0,0.0,0.003,0.003,0.003,0.0,0.0,0.0,0.003,0.0,0.0,0.0,0.0,0.003,0.003,0.0,0.005,0.0,0.0,0.003,0.0,0.003,0.0,0.0,0.0,0.0,0.0,0.0,0.0,0.003,0.003,0.0,0.0,0.0,0.0,0.0,0.0,0.0,0.0,0.0,0.0,0.005,0.0,0.0,0.0,0.0,0.0,0.0,0.003,0.0,0.003,0.0,0.003,0.003,0.0,0.0,0.0,0.0,0.005,0.0,389
8, 8,0.09,320,3.596,0,0,0,0,0,0,0,0,0,0,0,0,0,0,0,0,0,0,99,1.112,0,0,0,0,0,0,0,0,0,0,0,0,0,0,0,0,0,0,0,0,0,0,0,0,22,0.247,0,0,0,0,0,0,0,0,0,0,0,0,0,0,0.031,0.11,0.0,0.01,0.0,0.0,0.01,0.01,0.01,0.01,0.01,0.01,0.01,0.0,0.0,0.0,0.0,0.0,0.01,0.0,0.0,0.02,0.01,0.01,0.0,0.0,0.0,0.0,0.0,0.0,0.0,0.01,0.01,0.0,0.01,0.0,0.01,0.0,0.0,0.0,0.0,0.01,0.0,0.0,0.01,0.0,0.01,0.03,0.01,0.0,0.0,0.0,0.01,0.01,0.0,0.0,0.01,0.0,0.01,0.0,0.01,0.01,0.0,0.01,0.01,0.01,0.0,0.0,0.0,0.0,0.0,0.01,0.0,0.0,0.01,0.0,0.0,0.0,0.0,0.0,0.01,0.01,0.0,0.01,0.0,0.0,0.0,0.0,0.0,0.0,0.0,0.0,0.03,0.0,0.01,0.01,0.0,0.0,0.0,0.0,0.0,0.01,0.0,0.0,0.0,0.0,0.02,0.0,0.01,0.0,0.0,0.0,0.0,0.01,0.0,0.0,0.0,0.01,0.01,0.0,0.0,0.0,0.0,0.0,0.0,0.0,0.01,0.0,0.0,0.0,0.0,0.0,0.0,0.0,0.0,0.0,0.0,0.0,0.0,0.01,0.0,0.0,0.0,0.0,0.01,0.0,0.0,0.0,0.0,0.0,0.0,0.0,0.0,0.01,0.0,0.0,0.0,0.0,0.0,0.01,0.0,0.0,0.01,0.0,0.0,0.0,0.01,0.0,0.0,0.0,0.0,0.0,0.0,0.0,0.0,0.0,0.0,0.01,0.0,0.0,0.0,0.01,0.0,0.0,0.02,0.0,0.0,0.0,0.0,0.0,0.0,0.0,0.0,0.0,0.0,0.0,0.0,0.0,0.0,0.0,0.0,0.0,0.0,0.0,0.0,0.0,0.0,0.0,0.0,0.0,0.0,0.0,0.0,0.0,0.0,0.0,0.0,0.0,0.0,0.0,0.0,0.0,0.0,0.0,0.0,0.02,0.0,0.0,0.0,0.0,0.0,0.0,0.0,0.0,0.0,0.0,0.0,0.0,0.0,0.0,0.0,0.01,0.0,0.0,0.0,0.0,0.0,0.0,0.0,0.0,0.0,0.0,0.0,0.0,0.0,0.0,0.0,0.0,0.0,0.01,0.0,0.0,0.0,0.0,0.0,0.0,0.0,0.0,0.0,0.01,0.0,0.0,0.0,0.0,0.0,0.0,0.0,0.0,0.0,0.0,0.0,0.0,0.0,0.01,0.0,0.0,0.01,0.0,0.0,0.0,0.0,0.0,0.0,0.0,0.0,0.0,0.0,0.0,89
9, 56,0.152,1073,2.916,0,0,0,0,0,0,0,0,0,0,0,0,0,0,0,0,0,0,334,0.908,0,0,0,0,0,0,0,0,0,0,0,0,0,0,0,0,0,0,0,0,0,0,0,0,98,0.266,0,0,0,0,0,0,0,0,0,0,0,0,0,0,0.009,0.021,0.03,0.012,0.012,0.012,0.021,0.003,0.003,0.015,0.021,0.003,0.012,0.003,0.0,0.018,0.009,0.012,0.012,0.018,0.018,0.006,0.003,0.009,0.015,0.003,0.0,0.012,0.009,0.003,0.003,0.018,0.003,0.003,0.006,0.0,0.012,0.012,0.003,0.006,0.003,0.0,0.015,0.009,0.0,0.018,0.003,0.003,0.003,0.006,0.0,0.0,0.003,0.0,0.003,0.003,0.003,0.006,0.0,0.003,0.0,0.003,0.0,0.006,0.003,0.003,0.009,0.003,0.003,0.003,0.003,0.0,0.003,0.003,0.0,0.006,0.0,0.009,0.0,0.006,0.003,0.003,0.009,0.003,0.0,0.012,0.0,0.006,0.0,0.006,0.0,0.006,0.0,0.0,0.003,0.003,0.006,0.0,0.0,0.003,0.003,0.003,0.0,0.003,0.0,0.003,0.0,0.0,0.003,0.006,0.003,0.0,0.0,0.0,0.003,0.0,0.0,0.0,0.0,0.0,0.0,0.0,0.003,0.003,0.003,0.0,0.0,0.003,0.0,0.0,0.0,0.0,0.0,0.0,0.0,0.0,0.0,0.003,0.0,0.0,0.0,0.0,0.0,0.0,0.003,0.003,0.0,0.0,0.003,0.003,0.0,0.0,0.003,0.0,0.0,0.0,0.0,0.006,0.0,0.003,0.0,0.0,0.0,0.003,0.0,0.0,0.006,0.0,0.0,0.003,0.003,0.0,0.006,0.0,0.0,0.006,0.003,0.0,0.0,0.0,0.003,0.0,0.0,0.003,0.0,0.006,0.0,0.003,0.0,0.0,0.0,0.003,0.0,0.0,0.003,0.0,0.003,0.0,0.0,0.0,0.003,0.0,0.0,0.0,0.0,0.0,0.0,0.0,0.0,0.0,0.0,0.006,0.0,0.0,0.0,0.003,0.003,0.003,0.0,0.003,0.003,0.003,0.0,0.0,0.0,0.0,0.0,0.0,0.0,0.003,0.003,0.0,0.0,0.0,0.003,0.0,0.0,0.0,0.0,0.0,0.003,0.0,0.0,0.0,0.003,0.003,0.003,0.0,0.0,0.0,0.0,0.0,0.0,0.0,0.0,0.0,0.0,0.0,0.0,0.0,0.0,0.003,0.003,0.0,0.0,0.0,0.003,0.0,0.009,0.003,0.0,0.0,0.0,0.0,0.0,0.0,0.0,0.003,0.0,0.0,0.0,0.0,0.0,0.0,0.0,0.003,0.003,0.0,0.0,0.003,0.003,0.0,0.0,0.0,0.0,0.003,0.0,0.0,368
9, 58,0.133,1461,3.343,0,0,0,0,0,0,0,0,0,0,0,0,9,0.021,0,0,0,0,393,0.899,0,0,0,0,0,0,0,0,0,0,0,0,0,0,4,0.009,6,0.014,6,0.014,0,0,0,0,110,0.252,0,0,0,0,0,0,0,0,0,0,0,1,2,2,0.024,0.036,0.033,0.003,0.005,0.015,0.01,0.003,0.01,0.005,0.018,0.008,0.015,0.013,0.005,0.013,0.005,0.01,0.01,0.008,0.008,0.003,0.0,0.008,0.005,0.003,0.005,0.003,0.01,0.01,0.005,0.005,0.003,0.01,0.003,0.02,0.008,0.01,0.005,0.005,0.003,0.005,0.008,0.005,0.005,0.003,0.003,0.003,0.005,0.003,0.005,0.008,0.008,0.005,0.005,0.003,0.005,0.003,0.008,0.008,0.003,0.0,0.003,0.01,0.003,0.003,0.005,0.008,0.01,0.005,0.003,0.0,0.013,0.003,0.0,0.005,0.0,0.003,0.003,0.0,0.003,0.01,0.0,0.003,0.0,0.008,0.0,0.0,0.003,0.008,0.003,0.005,0.003,0.003,0.003,0.0,0.003,0.003,0.003,0.005,0.003,0.0,0.005,0.003,0.003,0.005,0.0,0.003,0.003,0.005,0.003,0.0,0.005,0.0,0.0,0.0,0.0,0.003,0.003,0.0,0.005,0.003,0.0,0.0,0.0,0.003,0.0,0.0,0.0,0.005,0.0,0.003,0.005,0.0,0.0,0.0,0.0,0.0,0.0,0.003,0.005,0.0,0.003,0.003,0.0,0.0,0.003,0.003,0.008,0.0,0.0,0.003,0.0,0.005,0.005,0.003,0.0,0.003,0.005,0.003,0.0,0.0,0.003,0.003,0.003,0.0,0.0,0.003,0.005,0.003,0.0,0.005,0.0,0.0,0.0,0.0,0.0,0.0,0.005,0.0,0.005,0.0,0.0,0.0,0.0,0.003,0.003,0.003,0.0,0.0,0.003,0.0,0.0,0.0,0.0,0.0,0.0,0.0,0.0,0.0,0.0,0.003,0.003,0.0,0.0,0.003,0.0,0.0,0.005,0.0,0.0,0.0,0.0,0.003,0.0,0.0,0.003,0.0,0.0,0.003,0.005,0.003,0.0,0.0,0.0,0.0,0.0,0.003,0.0,0.0,0.0,0.003,0.003,0.0,0.0,0.0,0.003,0.003,0.0,0.003,0.0,0.0,0.0,0.0,0.0,0.0,0.003,0.0,0.003,0.003,0.003,0.0,0.0,0.003,0.0,0.0,0.0,0.0,0.003,0.003,0.0,0.0,0.0,0.0,0.0,0.0,0.0,0.0,0.0,0.0,0.003,0.0,0.0,0.0,0.0,0.0,0.0,0.0,0.0,0.0,0.0,0.0,0.0,0.0,0.0,0.0,0.0,0.0,0.0,0.0,0.0,0.0,0.003,0.0,0.0,0.0,0.0,0.005,437
9, 31,0.116,988,3.7,0,0,0,0,0,0,0,0,0,0,0,0,0,0,0,0,0,0,267,1,0,0,0,0,0,0,0,0,0,0,0,0,0,0,0,0,0,0,0,0,0,0,0,0,28,0.105,3,0.011,0,0,0,0,0,0,0,0,0,5,0,2,0.02,0.034,0.041,0.011,0.03,0.019,0.011,0.019,0.022,0.011,0.007,0.011,0.007,0.015,0.015,0.015,0.007,0.015,0.004,0.0,0.011,0.0,0.0,0.004,0.011,0.007,0.011,0.004,0.011,0.004,0.015,0.007,0.0,0.0,0.011,0.004,0.004,0.0,0.0,0.007,0.004,0.0,0.0,0.004,0.007,0.0,0.004,0.004,0.004,0.004,0.0,0.011,0.007,0.0,0.015,0.0,0.007,0.0,0.011,0.007,0.0,0.0,0.0,0.004,0.004,0.0,0.004,0.011,0.011,0.007,0.022,0.0,0.007,0.007,0.004,0.007,0.004,0.0,0.004,0.0,0.0,0.0,0.0,0.007,0.0,0.0,0.0,0.004,0.0,0.0,0.004,0.004,0.0,0.011,0.0,0.007,0.0,0.0,0.011,0.0,0.004,0.0,0.0,0.0,0.004,0.015,0.0,0.0,0.004,0.004,0.0,0.004,0.004,0.004,0.0,0.0,0.0,0.007,0.0,0.019,0.0,0.004,0.0,0.0,0.0,0.0,0.004,0.0,0.004,0.004,0.007,0.0,0.0,0.004,0.0,0.0,0.004,0.0,0.004,0.004,0.0,0.004,0.0,0.004,0.0,0.0,0.0,0.0,0.0,0.0,0.004,0.0,0.0,0.0,0.0,0.0,0.0,0.0,0.0,0.0,0.0,0.0,0.0,0.0,0.007,0.004,0.0,0.0,0.0,0.0,0.0,0.0,0.0,0.0,0.0,0.0,0.0,0.0,0.0,0.0,0.004,0.004,0.0,0.007,0.0,0.0,0.0,0.0,0.0,0.0,0.0,0.004,0.0,0.004,0.0,0.0,0.007,0.0,0.0,0.004,0.0,0.0,0.0,0.0,0.0,0.007,0.0,0.0,0.0,0.0,0.004,0.0,0.0,0.0,0.0,0.0,0.0,0.004,0.0,0.0,0.0,0.0,0.0,0.0,0.0,0.0,0.0,0.0,0.0,0.0,0.0,0.0,0.0,0.0,0.0,0.0,0.0,0.0,0.0,0.004,0.0,0.004,0.0,0.0,0.0,0.0,0.0,0.0,0.0,0.0,0.0,0.0,0.007,0.0,0.0,0.0,0.0,0.0,0.0,0.0,0.0,0.0,0.0,0.0,0.0,0.004,0.0,0.0,0.0,0.0,0.0,0.0,0.004,0.0,0.004,0.004,0.0,0.0,0.0,0.0,0.0,0.0,0.0,0.0,0.0,0.004,0.0,0.0,0.0,0.0,0.0,0.0,0.0,0.0,0.0,0.0,0.0,0.0,267
9, 23,0.081,871,3.078,0,0,0,0,0,0,0,0,0,0,0,0,8,0.028,0,0,0,0,249,0.88,0,0,0,0,0,0,0,0,0,0,0,0,0,0,1,0.004,2,0.007,2,0.007,0,0,0,0,78,0.276,0,0,0,0,0,0,0,0,0,0,0,0,0,0,0.027,0.016,0.008,0.012,0.012,0.004,0.012,0.012,0.004,0.008,0.008,0.008,0.004,0.004,0.004,0.012,0.02,0.0,0.012,0.004,0.012,0.016,0.008,0.032,0.008,0.0,0.004,0.004,0.004,0.004,0.0,0.012,0.0,0.004,0.008,0.004,0.008,0.008,0.004,0.012,0.008,0.004,0.004,0.0,0.0,0.012,0.004,0.0,0.0,0.0,0.012,0.0,0.012,0.008,0.012,0.02,0.0,0.016,0.008,0.004,0.0,0.02,0.004,0.012,0.004,0.004,0.0,0.0,0.004,0.004,0.0,0.0,0.0,0.004,0.0,0.008,0.0,0.004,0.0,0.008,0.004,0.004,0.004,0.012,0.0,0.0,0.004,0.004,0.004,0.004,0.012,0.0,0.0,0.0,0.0,0.004,0.004,0.0,0.0,0.0,0.0,0.004,0.0,0.004,0.0,0.004,0.0,0.004,0.0,0.0,0.004,0.0,0.0,0.004,0.008,0.0,0.004,0.0,0.0,0.0,0.004,0.008,0.0,0.0,0.0,0.004,0.0,0.0,0.008,0.004,0.0,0.008,0.004,0.0,0.0,0.0,0.0,0.008,0.0,0.0,0.008,0.0,0.0,0.0,0.004,0.0,0.0,0.008,0.0,0.008,0.0,0.004,0.0,0.0,0.0,0.004,0.0,0.004,0.004,0.004,0.0,0.0,0.0,0.004,0.0,0.004,0.0,0.0,0.0,0.0,0.004,0.0,0.0,0.0,0.004,0.004,0.0,0.0,0.004,0.0,0.0,0.0,0.0,0.0,0.004,0.004,0.0,0.0,0.004,0.0,0.004,0.0,0.0,0.004,0.008,0.004,0.004,0.008,0.0,0.004,0.0,0.004,0.0,0.0,0.004,0.0,0.004,0.0,0.0,0.0,0.008,0.004,0.004,0.0,0.0,0.0,0.0,0.0,0.0,0.004,0.0,0.0,0.0,0.0,0.0,0.004,0.0,0.0,0.004,0.0,0.004,0.0,0.0,0.0,0.0,0.0,0.0,0.0,0.0,0.0,0.004,0.0,0.004,0.004,0.004,0.0,0.004,0.0,0.0,0.0,0.0,0.0,0.0,0.0,0.0,0.0,0.0,0.0,0.0,0.004,0.0,0.0,0.0,0.004,0.0,0.0,0.0,0.0,0.0,0.0,0.0,0.004,0.0,0.0,0.0,0.0,0.004,0.0,0.0,0.0,0.0,0.0,0.0,0.0,0.004,0.0,0.0,0.0,0.0,0.0,0.0,0.004,0.0,0.0,0.0,0.0,0.0,0.0,283
9, 24,0.12,604,3.02,0,0,0,0,0,0,0,0,0,0,0,0,8,0.04,0,0,0,0,197,0.985,0,0,0,0,0,0,0,0,0,0,0,0,0,0,0,0,0,0,0,0,0,0,0,0,54,0.27,0,0,0,0,0,0,0,0,0,0,0,0,0,2,0.015,0.01,0.005,0.01,0.005,0.0,0.0,0.005,0.01,0.0,0.025,0.01,0.0,0.005,0.0,0.015,0.005,0.0,0.01,0.0,0.005,0.01,0.005,0.015,0.015,0.0,0.02,0.03,0.0,0.02,0.005,0.0,0.005,0.0,0.01,0.005,0.01,0.01,0.005,0.005,0.0,0.01,0.015,0.0,0.01,0.02,0.005,0.0,0.01,0.0,0.0,0.0,0.01,0.005,0.0,0.02,0.005,0.01,0.015,0.01,0.005,0.005,0.0,0.0,0.005,0.005,0.0,0.0,0.01,0.0,0.0,0.005,0.0,0.0,0.0,0.02,0.0,0.0,0.0,0.005,0.01,0.0,0.005,0.015,0.0,0.0,0.0,0.0,0.0,0.005,0.01,0.01,0.0,0.0,0.0,0.0,0.0,0.005,0.005,0.0,0.0,0.0,0.0,0.0,0.005,0.0,0.0,0.0,0.0,0.0,0.0,0.0,0.0,0.0,0.0,0.005,0.0,0.0,0.005,0.01,0.0,0.01,0.01,0.0,0.0,0.0,0.005,0.0,0.005,0.0,0.0,0.005,0.0,0.0,0.0,0.0,0.0,0.0,0.0,0.0,0.0,0.0,0.0,0.0,0.0,0.005,0.0,0.0,0.0,0.0,0.0,0.0,0.0,0.0,0.0,0.0,0.0,0.0,0.0,0.005,0.0,0.0,0.0,0.01,0.01,0.0,0.0,0.005,0.0,0.0,0.005,0.0,0.015,0.0,0.0,0.0,0.005,0.0,0.0,0.0,0.0,0.0,0.0,0.0,0.005,0.0,0.0,0.0,0.0,0.0,0.015,0.0,0.01,0.0,0.01,0.0,0.0,0.0,0.0,0.0,0.0,0.0,0.0,0.0,0.0,0.0,0.0,0.0,0.005,0.0,0.0,0.0,0.0,0.0,0.0,0.0,0.0,0.0,0.0,0.0,0.0,0.0,0.0,0.0,0.0,0.0,0.0,0.0,0.005,0.0,0.0,0.0,0.0,0.0,0.0,0.01,0.0,0.0,0.0,0.0,0.0,0.0,0.0,0.005,0.0,0.0,0.0,0.005,0.0,0.0,0.0,0.0,0.0,0.005,0.0,0.0,0.0,0.0,0.0,0.0,0.0,0.0,0.0,0.0,0.0,0.0,0.0,0.0,0.0,0.0,0.0,0.0,0.0,0.0,0.0,0.0,0.0,0.0,0.0,0.0,0.0,0.0,0.0,0.0,0.0,0.0,0.005,0.0,0.0,0.0,0.0,0.0,0.0,0.0,0.0,0.0,0.0,0.0,200
11, 18,1,165,9.167,0,0,0,0,0,0,0,0,0,0,0,0,32,1.778,0,0,0,0,38,2.111,0,0,0,0,0,0,0,0,0,0,0,0,0,0,0,0,0,0,0,0,0,0,0,0,16,0.889,347,19.278,0,0,0,0,0,0,0,0,0,0,0,0,0.889,0.744,0.0,0.026,0.0,0.0,0.0,0.0,0.026,0.026,0.0,0.0,0.0,0.0,0.0,0.0,0.0,0.0,0.026,0.0,0.0,0.026,0.0,0.0,0.0,0.0,0.0,0.0,0.0,0.0,0.0,0.0,0.0,0.0,0.0,0.0,0.0,0.0,0.0,0.0,0.0,0.0,0.0,0.0,0.0,0.0,0.026,0.0,0.0,0.0,0.0,0.0,0.0,0.0,0.0,0.0,0.0,0.0,0.0,0.0,0.0,0.0,0.0,0.0,0.026,0.026,0.0,0.0,0.0,0.0,0.0,0.0,0.0,0.0,0.0,0.0,0.0,0.0,0.0,0.0,0.0,0.0,0.0,0.0,0.0,0.0,0.0,0.0,0.0,0.0,0.0,0.0,0.0,0.0,0.0,0.0,0.0,0.0,0.0,0.0,0.0,0.0,0.0,0.0,0.0,0.0,0.0,0.0,0.0,0.0,0.0,0.0,0.0,0.0,0.0,0.0,0.0,0.0,0.0,0.0,0.0,0.0,0.0,0.0,0.0,0.0,0.0,0.0,0.0,0.0,0.0,0.0,0.0,0.0,0.0,0.0,0.0,0.0,0.0,0.0,0.0,0.0,0.0,0.0,0.0,0.0,0.0,0.0,0.0,0.0,0.0,0.0,0.0,0.0,0.0,0.0,0.0,0.0,0.0,0.0,0.0,0.0,0.0,0.0,0.0,0.0,0.0,0.0,0.0,0.0,0.0,0.0,0.0,0.0,0.0,0.0,0.0,0.0,0.0,0.0,0.0,0.0,0.0,0.0,0.0,0.0,0.0,0.0,0.0,0.0,0.0,0.0,0.0,0.0,0.0,0.0,0.0,0.0,0.0,0.0,0.0,0.0,0.0,0.0,0.0,0.0,0.0,0.0,0.0,0.0,0.0,0.0,0.0,0.0,0.0,0.0,0.0,0.0,0.0,0.0,0.0,0.0,0.0,0.0,0.0,0.0,0.0,0.0,0.0,0.0,0.0,0.0,0.0,0.0,0.0,0.0,0.0,0.0,0.0,0.0,0.0,0.0,0.0,0.0,0.0,0.0,0.0,0.0,0.0,0.0,0.0,0.0,0.0,0.0,0.0,0.0,0.0,0.0,0.0,0.0,0.0,0.0,0.0,0.0,0.0,0.0,0.0,0.0,0.0,0.0,0.0,0.0,0.0,0.0,0.0,0.0,0.0,0.0,0.0,0.0,0.0,0.0,0.0,0.0,0.0,0.0,0.0,0.0,0.0,0.0,0.0,0.0,0.0,0.0,0.0,0.0,0.0,0.0,18
11, 43,0.089,1903,3.948,0,0,0,0,0,0,0,0,0,0,0,0,4,0.008,0,0,0,0,489,1.015,0,0,0,0,0,0,0,0,0,0,0,0,0,0,0,0,0,0,0,0,0,0,0,0,53,0.11,0,0,0,0,0,0,0,0,0,0,0,6,0,8,0.048,0.01,0.014,0.004,0.01,0.012,0.016,0.008,0.006,0.006,0.016,0.008,0.008,0.006,0.012,0.014,0.006,0.006,0.014,0.008,0.008,0.008,0.012,0.01,0.006,0.01,0.004,0.004,0.008,0.012,0.004,0.008,0.01,0.012,0.008,0.008,0.008,0.006,0.01,0.0,0.004,0.004,0.008,0.002,0.006,0.0,0.0,0.004,0.004,0.002,0.006,0.002,0.004,0.002,0.002,0.002,0.002,0.0,0.006,0.0,0.004,0.004,0.006,0.002,0.002,0.002,0.002,0.004,0.004,0.002,0.006,0.0,0.004,0.002,0.0,0.0,0.002,0.0,0.002,0.002,0.006,0.0,0.008,0.0,0.004,0.002,0.004,0.006,0.004,0.006,0.008,0.0,0.002,0.002,0.002,0.008,0.008,0.006,0.0,0.002,0.004,0.0,0.0,0.0,0.0,0.002,0.0,0.002,0.0,0.002,0.002,0.0,0.0,0.0,0.0,0.006,0.0,0.002,0.0,0.0,0.008,0.004,0.006,0.004,0.004,0.0,0.0,0.0,0.01,0.0,0.0,0.002,0.008,0.0,0.002,0.002,0.006,0.0,0.0,0.006,0.002,0.002,0.002,0.006,0.004,0.006,0.002,0.0,0.002,0.0,0.006,0.002,0.002,0.006,0.004,0.0,0.0,0.0,0.004,0.0,0.004,0.0,0.0,0.0,0.0,0.0,0.0,0.0,0.002,0.002,0.004,0.002,0.002,0.002,0.0,0.002,0.0,0.0,0.004,0.0,0.0,0.002,0.0,0.0,0.002,0.0,0.004,0.004,0.0,0.002,0.0,0.002,0.0,0.0,0.0,0.004,0.002,0.0,0.0,0.004,0.0,0.0,0.0,0.0,0.004,0.0,0.002,0.0,0.004,0.0,0.002,0.0,0.0,0.0,0.02,0.002,0.0,0.0,0.002,0.0,0.0,0.0,0.002,0.0,0.002,0.002,0.0,0.0,0.002,0.0,0.0,0.0,0.002,0.0,0.0,0.0,0.0,0.0,0.0,0.0,0.004,0.002,0.004,0.0,0.0,0.0,0.002,0.0,0.002,0.0,0.004,0.0,0.0,0.0,0.0,0.0,0.0,0.0,0.0,0.0,0.0,0.0,0.0,0.0,0.0,0.0,0.0,0.002,0.0,0.0,0.002,0.0,0.0,0.0,0.0,0.0,0.0,0.0,0.0,0.004,0.002,0.0,0.0,0.002,0.0,0.0,0.0,0.0,0.0,0.0,0.0,0.0,0.0,0.0,0.0,0.0,0.0,0.0,482
11, 19,0.161,504,4.271,0,0,0,0,0,0,0,0,0,0,0,0,0,0,0,0,0,0,137,1.161,0,0,0,0,0,0,0,0,0,0,0,0,0,0,0,0,0,0,0,0,0,0,0,0,0,0,0,0,0,0,0,0,0,0,0,0,0,0,0,0,0,0.022,0.007,0.058,0.022,0.014,0.014,0.014,0.036,0.022,0.014,0.0,0.0,0.022,0.0,0.014,0.007,0.014,0.007,0.0,0.014,0.007,0.007,0.014,0.0,0.0,0.007,0.007,0.0,0.007,0.014,0.014,0.029,0.0,0.014,0.022,0.022,0.0,0.0,0.007,0.014,0.007,0.0,0.014,0.007,0.0,0.007,0.0,0.0,0.007,0.007,0.0,0.014,0.0,0.0,0.007,0.007,0.0,0.0,0.0,0.0,0.0,0.007,0.0,0.007,0.007,0.007,0.0,0.007,0.007,0.0,0.0,0.0,0.0,0.007,0.0,0.007,0.0,0.0,0.0,0.007,0.007,0.0,0.0,0.0,0.0,0.029,0.007,0.0,0.007,0.007,0.0,0.0,0.0,0.0,0.0,0.0,0.007,0.0,0.0,0.0,0.0,0.022,0.0,0.0,0.0,0.0,0.0,0.007,0.0,0.0,0.007,0.0,0.0,0.0,0.0,0.0,0.0,0.0,0.0,0.007,0.0,0.0,0.0,0.0,0.0,0.0,0.0,0.0,0.0,0.0,0.0,0.0,0.0,0.007,0.007,0.0,0.0,0.0,0.0,0.0,0.0,0.007,0.0,0.007,0.0,0.0,0.0,0.0,0.0,0.0,0.0,0.0,0.0,0.0,0.0,0.0,0.0,0.0,0.014,0.0,0.0,0.0,0.0,0.0,0.0,0.0,0.007,0.0,0.0,0.0,0.0,0.0,0.0,0.007,0.0,0.0,0.0,0.0,0.0,0.0,0.0,0.0,0.0,0.0,0.0,0.0,0.0,0.014,0.0,0.0,0.0,0.0,0.0,0.0,0.0,0.0,0.0,0.0,0.0,0.0,0.0,0.0,0.0,0.0,0.0,0.0,0.0,0.0,0.0,0.007,0.0,0.007,0.0,0.0,0.0,0.007,0.0,0.0,0.0,0.0,0.0,0.0,0.0,0.0,0.0,0.0,0.0,0.007,0.007,0.0,0.0,0.0,0.0,0.0,0.0,0.0,0.0,0.0,0.0,0.0,0.0,0.0,0.0,0.0,0.0,0.0,0.007,0.0,0.0,0.0,0.0,0.007,0.0,0.0,0.0,0.0,0.0,0.0,0.007,0.0,0.0,0.0,0.0,0.0,0.0,0.007,0.0,0.0,0.0,0.0,0.0,0.0,0.0,0.0,0.0,0.0,0.007,0.0,0.0,0.0,0.0,0.0,0.0,0.0,0.0,0.0,0.0,0.0,0.007,0.0,0.0,0.0,0.0,0.0,0.0,0.0,0.0,118
11, 14,0.147,342,3.6,0,0,0,0,0,0,0,0,0,0,0,0,0,0,0,0,0,0,111,1.168,0,0,0,0,0,0,0,0,0,0,0,0,0,0,0,0,0,0,0,0,0,0,0,0,4,0.042,0,0,0,0,0,0,0,0,0,0,0,0,0,0,0,0.009,0.018,0.009,0.018,0.018,0.027,0.0,0.009,0.018,0.0,0.027,0.009,0.009,0.009,0.0,0.018,0.009,0.018,0.0,0.009,0.018,0.009,0.027,0.009,0.018,0.0,0.018,0.009,0.009,0.0,0.0,0.009,0.0,0.0,0.018,0.018,0.0,0.0,0.0,0.0,0.018,0.0,0.0,0.0,0.0,0.009,0.009,0.027,0.0,0.0,0.0,0.0,0.0,0.018,0.027,0.009,0.0,0.0,0.0,0.0,0.0,0.0,0.0,0.009,0.009,0.0,0.0,0.0,0.0,0.0,0.0,0.0,0.0,0.0,0.0,0.0,0.0,0.0,0.0,0.018,0.0,0.0,0.0,0.009,0.0,0.0,0.0,0.0,0.0,0.009,0.0,0.0,0.0,0.0,0.0,0.0,0.0,0.0,0.0,0.0,0.0,0.0,0.0,0.018,0.0,0.0,0.0,0.0,0.0,0.0,0.0,0.0,0.009,0.0,0.0,0.0,0.0,0.0,0.0,0.0,0.0,0.0,0.0,0.0,0.0,0.0,0.0,0.0,0.0,0.0,0.0,0.0,0.0,0.0,0.0,0.018,0.0,0.0,0.0,0.0,0.009,0.0,0.0,0.0,0.0,0.0,0.0,0.0,0.0,0.0,0.0,0.0,0.0,0.0,0.0,0.0,0.0,0.009,0.0,0.0,0.0,0.0,0.018,0.0,0.0,0.0,0.0,0.0,0.0,0.0,0.009,0.009,0.0,0.0,0.0,0.009,0.0,0.0,0.009,0.0,0.0,0.0,0.0,0.0,0.0,0.0,0.0,0.0,0.0,0.0,0.0,0.0,0.0,0.0,0.0,0.0,0.0,0.0,0.0,0.0,0.009,0.0,0.0,0.0,0.0,0.0,0.0,0.009,0.0,0.0,0.0,0.0,0.009,0.0,0.0,0.0,0.0,0.0,0.0,0.0,0.0,0.0,0.0,0.0,0.0,0.0,0.0,0.0,0.0,0.0,0.0,0.0,0.0,0.0,0.0,0.0,0.0,0.0,0.0,0.0,0.0,0.0,0.0,0.0,0.0,0.0,0.0,0.0,0.0,0.0,0.0,0.0,0.0,0.009,0.0,0.0,0.0,0.0,0.0,0.0,0.0,0.0,0.009,0.0,0.0,0.0,0.0,0.0,0.0,0.0,0.0,0.0,0.0,0.0,0.0,0.0,0.0,0.0,0.0,0.0,0.0,0.0,0.0,0.0,0.0,0.0,0.0,0.0,0.0,0.0,0.0,0.0,0.0,0.0,0.018,0.0,0.0,95
11, 10,0.064,615,3.942,0,0,0,0,0,0,0,0,0,0,0,0,0,0,0,0,0,0,166,1.064,0,0,0,0,0,0,0,0,0,0,0,0,0,0,0,0,0,0,0,0,0,0,0,0,17,0.109,0,0,0,0,0,0,0,0,0,0,0,2,0,0,0.018,0.042,0.036,0.018,0.024,0.024,0.012,0.018,0.006,0.006,0.006,0.0,0.006,0.006,0.006,0.012,0.012,0.018,0.006,0.018,0.0,0.006,0.0,0.012,0.006,0.006,0.012,0.0,0.006,0.0,0.018,0.0,0.018,0.006,0.006,0.006,0.0,0.012,0.006,0.0,0.006,0.006,0.006,0.012,0.0,0.012,0.006,0.0,0.0,0.006,0.012,0.0,0.006,0.012,0.0,0.0,0.0,0.0,0.0,0.0,0.0,0.0,0.006,0.0,0.006,0.006,0.0,0.006,0.006,0.006,0.0,0.0,0.0,0.0,0.0,0.0,0.0,0.006,0.0,0.0,0.0,0.0,0.006,0.0,0.012,0.006,0.012,0.0,0.006,0.0,0.0,0.006,0.006,0.006,0.0,0.0,0.0,0.012,0.0,0.0,0.006,0.0,0.006,0.006,0.0,0.0,0.0,0.0,0.0,0.0,0.012,0.0,0.0,0.0,0.0,0.006,0.006,0.0,0.0,0.0,0.0,0.006,0.0,0.0,0.0,0.0,0.0,0.0,0.006,0.0,0.006,0.006,0.006,0.012,0.006,0.006,0.0,0.0,0.0,0.0,0.0,0.0,0.006,0.0,0.0,0.0,0.006,0.0,0.0,0.0,0.006,0.0,0.006,0.0,0.006,0.0,0.0,0.0,0.0,0.0,0.0,0.0,0.0,0.0,0.006,0.0,0.0,0.0,0.0,0.0,0.006,0.0,0.0,0.0,0.0,0.0,0.0,0.0,0.006,0.0,0.0,0.0,0.006,0.0,0.0,0.0,0.0,0.0,0.006,0.006,0.0,0.0,0.0,0.0,0.0,0.006,0.0,0.006,0.0,0.0,0.0,0.0,0.0,0.0,0.006,0.0,0.0,0.0,0.0,0.0,0.0,0.0,0.0,0.0,0.0,0.0,0.0,0.0,0.0,0.0,0.0,0.006,0.0,0.0,0.006,0.0,0.0,0.0,0.006,0.0,0.0,0.0,0.0,0.0,0.0,0.0,0.0,0.0,0.0,0.0,0.0,0.0,0.0,0.0,0.0,0.0,0.0,0.0,0.0,0.006,0.0,0.0,0.0,0.0,0.0,0.0,0.0,0.0,0.0,0.0,0.006,0.0,0.0,0.0,0.0,0.0,0.0,0.0,0.0,0.0,0.0,0.006,0.0,0.0,0.0,0.0,0.0,0.0,0.0,0.0,0.006,0.0,0.0,0.0,0.0,0.0,0.0,0.0,0.0,0.0,0.0,0.0,0.0,0.0,0.0,0.0,0.0,0.0,156
